房源名称,户型,地址,地址,价格,面积,朝向
老山可乐菜市场附近电梯新装修公寓，家具家电齐全，拎包入住,1室0厅,紫竹苑,剑江大道中段,800,30,南北
老山可乐菜场旁边 旺福大厦 3室2厅1 步梯6楼 带空调,3室2厅,伯爵花园,斗蓬山路12号,800,127,朝东
平桥客运站 四中二幼一小 电梯三室精装修 家电齐全 拎包入住,3室2厅,培育大厦,培育巷1号,1400,130,朝北
173匀山越 全新装修 家电齐全 拎包入住 随时看房,2室2厅,匀山樾,剑江北路120号,1500,75,朝西
大十字 五月花楼上电梯 三室两厅两卫 家电家具齐全 拎包入住,3室2厅,中鑫大厦,工人路6号,1500,140,朝东
大十字 南州国际文华苑 2室2厅1卫 1300元月拎包入住,2室2厅,南州国际文华苑,大龙大道8号,1300,90,朝东
平桥  怡盛园小区 3室2厅2卫 1500元月拎包入住,3室2厅,怡盛园小区,剑江北路16号,1500,138,朝东
大西门 广惠国际 1室2厅1卫 1500元月精装修拎包入住,1室2厅,广惠国际,平桥南路26号,1500,60,朝东
大十字 南州国际马鞍山 3室2厅2卫 1200元月包入住,3室2厅,南州国际文华苑,大龙大道8号,1200,114,朝东
南州国际清华苑 四小门口会所豪装设备齐全 可接手就营业带露台,10室2厅,南州国际清华苑,青云湖大道,25000,400,南北
大十字 七街 三小后门步梯3楼 三室两厅一卫 中医院拎包入住,3室2厅,御庭苑,剑江中路98号,1000,100,朝东
火车站十一小附近 步梯4楼两室一厅一卫 家电家具齐全拎包入住,2室1厅,尚城幸福里,云鹤路,800,80,朝东
老三可乐夜市街三室两厅精装房出租   家电家具齐全,3室2厅,紫竹苑,剑江大道中段,1600,110,朝南
开发区伯爵花园单身公寓装修房出租 家电家具齐全 拎包入住,1室1厅,伯爵花园,斗蓬山路12号,1300,51,朝南
开发区 伯爵花园单身公寓精装房出租 家电家具齐全 拎包入住,1室0厅,伯爵花园,斗蓬山路12号,1500,51,朝南
三线博物馆旁边 东来尚城一室一厅精装房出租 家电家具齐全,1室1厅,东来尚城,东来路,1400,46,朝南
万达广场附近 城市风景  四室一厅一厨一卫   月租1600,4室2厅,城市风景,嘉和路2号,1600,120,南北
大西门中医院 御庭苑 精装修电梯房 两室两厅两卫 拎包入住,2室2厅,御庭苑,剑江中路98号,1600,110,朝东
大十字波斯湾二楼三室，1300月，随时看房,3室1厅,建业大厦,滨路56号,1300,90,南北
彩虹桥 附近 3室1厅1卫 900元月 80平,3室1厅,久达新村,飞燕路14号,900,80,南北
都匀附中旁步梯4楼两室两厅整套出租图片实拍,2室2厅,惠丽佳园,胜利路81号,600,75,南北
万达购物广场 沙坝丽景天成 精装两室 家具家电齐全 拎包入住,2室2厅,丽景天城,汽车商贸城对面,1200,90,朝北
平桥水厂 七小旁边步梯3楼 两室一厅 家电家具齐全 拎包入住,2室1厅,剑北小区,剑江北路,800,80,朝东
大十字临江大厦一室一厅 家具家电齐全,1室1厅,临江大厦,河滨路,1500,50,南北
四一四医院旁虹桥苑三室二厅精装 家具家电齐全,3室2厅,虹桥苑,江北路172号,1000,120,南北
万达旁 滨江一号4室1厅精装修 家具家电齐全,4室1厅,碧桂园滨江一号,西山大道,1500,93,南北
文峰园 尚城壹品精装公寓 一室一厅一卫 家电家具齐全拎包入住,1室1厅,尚城壹品,剑江中路,1400,53,朝东
新都汇 水岸名门 两室一厅 精装修 家电齐全拎包入住,2室1厅,水岸铭门,西山大道,1300,80,朝北
筑匀大厦 女人街 电梯精装两室两厅 家具家电齐全 拎包入住,2室2厅,筑匀大厦,广惠路407号,1500,105,朝北
云宫花城 花园式小区 三室两厅 精装修家电家具齐全拎包入住,3室2厅,云宫花城,云宫路,1300,110,朝北
行政服务大厅 汽车商贸城 精装三室两厅 家具家电齐全拎包入住,3室2厅,黔南汽车商贸城,斗篷山路269号,1200,110,朝北
173新天地 老年公寓精装三室两厅一卫 家具家电齐全拎包入住,3室2厅,老年公寓小区,剑江北路139号,1000,110,朝北
州医院宿舍楼，三室两厅拎包入住,3室2厅,中大逸峰,文峰路1号,1300,120,东南
裤裆街，七楼！三室两厅，拎包入住,3室2厅,海文大厦,新华路2号,900,96,东南
急租 平惠小区 简单装修3室2厅2卫 850月 拎包入住,3室2厅,平惠小区,平桥北路4号,850,91,朝南
华馨湾 9室3厅3卫 9000元月 精装修 400平,9室3厅,华馨湾,伯爵美食街,9000,400,朝东
小十字 女人街筑匀大厦 两室精装 1500 市中心核心圈,2室1厅,筑匀大厦,广惠路407号,1500,104,朝南
沙坝行政中心 步梯四楼 家具家电齐全 带空调 沙坝核心商业圈,3室2厅,黔南汽车商贸城,斗篷山路269号,1200,110,朝南
沙坝 丽景天城两室精装 电梯房 1200 家具齐全,2室2厅,丽景天城,汽车商贸城对面,1200,90,朝南
开发区 嘉和城市风景 3室2厅2卫精装房带空调拎包入住,3室2厅,嘉和城市风景,嘉和路2号,1500,135,朝东
万达广场 师范学校旁 观澜水岸 2室2厅1卫 1400元月,2室2厅,观澜水岸,观澜路79号,1400,92,朝东
万达广场黔南汽车商贸城 3室2厅2卫 1200元月拎包入住,3室2厅,黔南汽车商贸城,斗篷山路269号,1200,110,朝东
大西门虹桥苑 3室2厅1卫 1000元月精装修拎包入住,3室2厅,虹桥苑,江北路172号,1000,120,朝东
小围寨城南新家园 4室2厅1卫 1600元月家电家具齐全,4室2厅,城南新家园,独山路,1600,145,朝东
彩虹桥 414医院旁 嘉和园 3室1厅1卫 1100元月,3室2厅,嘉和园,天池路2号,1100,100,朝东
小围寨聚林世纪城 1室1厅1卫 850元月精装修拎包入住,1室1厅,聚林世纪城,剑江南路181号,850,65,朝东
中医院附近   七街明珠广场旁步梯3楼100平三居室可短租,3室2厅,明珠广场,剑江中路90号,1200,100,南北
沙坝 汽车商贸城步梯4楼 三室两厅两卫 家电家具齐全拎包入住,3室2厅,黔南汽车商贸城,斗篷山路269号,1200,110,朝东
水厂附近沸城国际单身公寓出租 家电家具齐全 拎包入住 有空调,1室0厅,榕锐沸城国际,环东北路104号,1400,46,朝南
南洲国际 三中旁边 单间房出租 可短租  有空调 独立卫生间,1室0厅,南州国际文华苑,大龙大道8号,1000,18,朝南
水厂附近 沸城国际两室两厅带衣帽间精装房出租  家电齐全,2室2厅,榕锐沸城国际,环东北路104号,1800,107,朝南
南洲国际马鞍山小区两室两厅精装房出租 家电家具齐全 拎包入住,2室1厅,马鞍山小区林馨佳苑,大龙大道,1400,98,朝南
彩虹桥 嘉和园 3室2厅1卫 1100元月  100平,3室2厅,嘉和园,天池路2号,1100,100,西南
云宫花城 3室1厅1卫 1200元月 精装修,3室1厅,云宫花城,云宫路,1200,110,东西
新二中碧桂园滨江一号 4室1厅2卫  电梯房,4室1厅,碧桂园滨江一号,西山大道,2300,160,南北
蒙家桥站台旁 两室变三室出租 随时看房,2室2厅,东江小区,剑江南路2号,900,90,朝西
州医院旁中大逸峰酒店式公寓，带飘窗采光好（房主直租）,1室0厅,中大逸峰,文峰路1号,850,25,朝东
州医院旁(中大逸锋)单身公寓住房出租,1室0厅,中大逸峰,文峰路1号,800,26,南北
东山学苑电梯8楼精装修二室一厅拎包入住,2室1厅,东山学苑,广惠路66号,1200,70,南北
老山可乐全欣大厦四室二厅精装 家电家具齐全,4室2厅,全欣大厦,天乐路10号,1800,150,南北
慧谷枫林精装2房2厅拎包入住（接送看房）,2室2厅,慧谷枫林,环东中路258号,1400,95,南北
州医院后门电梯三房，1600月，随时看房,3室2厅,剑峰小区,环东中路256号,1600,137,朝西
平桥客运总站对面物资大厦酒店式公寓（房主直租）,1室0厅,物资大厦,剑江北路38,700,25,朝东
三中 南州国际 2室2厅2卫 1600元月 电梯房,2室2厅,南州国际文华苑,大龙大道8号,1600,100,南北
文峰家园 3室1厅1卫 1500元月 精装修 110平,3室1厅,中建花园,剑江大道中段,1300,110,南北
万达 红叶小区 精装三室两厅两卫带露台 家电家具齐全拎包入住,3室2厅,红叶小区,绿茵湖大道中段,1800,125,朝东
东来尚城小区电梯公寓出租图片实拍拎包入住,1室1厅,东来尚城,东来路,1200,56,南北
大十字转盘 物资大厦 两室一厅一卫 家电家具齐全 州医院,2室2厅,华鑫大厦,剑江中路,1500,90,朝东
老山可乐单身公寓精装 接受短租,1室0厅,龙彩花园,兰香巷,800,35,南北
州医院后门东坡二室二厅精装 家具家电齐全,2室2厅,东坡花园,环东中路113号,1300,1000,南北
平桥公路局宿舍二室一厅精装 家具家电齐全,2室1厅,利恒名苑(沸城100),剑江北路70号,800,80,南北
万达旁龙山豪景三室一厅精装 家具家电齐全,3室1厅,龙山豪景,斗篷山路96号,1800,119,南北
万达旁汇悦新天地二室二厅精装 家具家电齐全,2室2厅,汇悦新天地,斗篷山路100号,2000,90,南北
大十字建业大厦二室二厅 家具家电齐全,2室2厅,建业大厦,滨路56号,1400,108,南北
大十字 中鑫大厦单身公寓 精装修 家具家电齐全 拎包入住,1室1厅,中鑫大厦,工人路6号,1000,55,朝北
大西门(免中介费）中医院后面都市尤庭单间住房出租,1室0厅,都市龙庭,河滨路,450,15,南北
大西门  七街 繁华地段 三室两厅低楼层 家电家齐全拎包入住,3室2厅,黔中公寓,协府路10号,1000,90,朝北
整租  剑江新城  三房一厅一厨一卫 精装修家电齐全拎包入住,3室1厅,剑江新城,振华路,1000,120,朝西
南州国际 马鞍山 精装两室两厅 家具家电齐全 采光好拎包入住,2室2厅,马鞍山小区林馨佳苑,大龙大道,1400,90,南北
万达购物广场碧桂园滨江一号电梯精装四室两厅 家电齐全拎包入住,4室2厅,碧桂园滨江一号,西山大道,1600,116,朝北
整租 大西门御庭苑 三室两厅可办公 只要900月随时看房,3室2厅,御庭苑,剑江中路98号,1000,120,东南
东来尚城 沙坝 花园式小区精装两室 家具家电齐全 拎包入住,2室1厅,东来尚城,东来路,1000,95,朝北
伯爵花园河景2房，干净整洁，拎包入住，阳台视线非常好,2室2厅,伯爵花园,斗蓬山路12号,2200,95,朝北
租大龙田康城小区电梯房3室1厅,3室1厅,康诚小区,剑江南路149号,900,94,西北
西苑红绿灯对面，三室两厅拎包入住,3室2厅,西苑大厦,斗篷山路28号,1100,90,东南
大十字 老佳慧对面 适合办公 开店 随时看房,3室2厅,中寰广场,剑江大道中段,2200,140,南北
州公安南州国际星岸三室两厅两卫精装修出租,3室2厅,南州国际星岸,环西大道6号,2000,127,西南
灵智广场三室两厅两卫精装修出租,3室2厅,灵智广场,斗篷山路,1500,125,朝南
合租，4室1厅2卫 780元月 电梯房,4室1厅,黔南汽车商贸城,斗篷山路269号,780,38.2,南北
伯爵花园 一室户公寓 六楼电梯精装房 1000 房子干净,1室0厅,伯爵花园,斗蓬山路12号,1000,35,朝南
开发区转盘4室两厅两卫出租可办公美容,4室2厅,临江雅苑,平桥北路1号,3800,250,南北
彩虹桥414医院旁 临江雅苑3室2厅2卫精装房带空调拎包入住,3室2厅,临江雅苑,平桥北路1号,1500,125,朝东
大西门 御庭苑 2室2厅2卫 1600元月110平拎包入住,2室2厅,御庭苑,剑江中路98号,1600,110,朝东
州医院后门，4室2厅2卫，拎包入住！,4室2厅,文化小区,振华路,1600,140,东南
沙坝 四一四 丽景天城 两室两厅一卫 家电家具齐全 拎包入住,2室2厅,丽景天城,汽车商贸城对面,1200,90,朝东
开发区转盘 老山可乐 步梯宿舍步梯5楼 家电家具齐全拎包入住,3室1厅,都匀市河滨路州外贸宿舍,都匀市河滨路74-79号,800,85,朝东
州公安宿舍，三室两厅一卫，拎包入住,3室2厅,观天下,迎宾路,1000,95,东南
水厂 鸿安酒店  出租  有电脑空调 高品质酒店  可短租,1室0厅,鸿安家园,环东北路108号,1200,16,朝南
水厂附近沸城国际 单身公寓精装房出租 家电家具齐全 有空调,1室1厅,榕锐沸城国际,环东北路104号,1400,46,朝南
大十字 明珠广场三室两厅精装房出租 家电家具齐全 有空调,3室2厅,明珠广场,剑江中路90号,2300,116,朝南
龙山豪景 4室2厅2卫 2000元月 配套齐全 豪华装修,4室2厅,龙山豪景,斗篷山路96号,2000,150,南北
都市龙庭 3室2厅1卫 1400元月 南北通透 电梯房,3室2厅,都市龙庭,河滨路,1400,135,南北
大十字附近 临江大厦一室一厅出租 家电家具齐全 拎包入住,1室1厅,临江大厦,河滨路,1300,50,朝南
租 伯爵花园 1室1厅1卫  拎包即住 1200元月,1室1厅,伯爵花园,斗蓬山路12号,1200,32,朝南
老一中菜场，2室1厅1卫60,2室1厅,金鹏花园,广惠路270号,1000,60,南北
城市风景小区电梯三室两厅整租图片实拍拎包入住,3室2厅,嘉和城市风景,嘉和路2号,1200,133,南北
小十字  3室2厅2卫 2000元月 150平,3室2厅,华欣大厦,广惠路438号,2000,150,朝南
万达旁御府湾二室一厅精装包物业 家具家电齐全,2室1厅,御府湾,绿茵湖大道,1500,80,南北
平桥，临江雅苑，电梯四室，拎包入住！,4室2厅,临江雅苑,平桥北路1号,1600,140,西北
大十字御庭苑旁三小宿舍三室二厅精装 家具家电齐全,3室2厅,御庭苑,剑江中路98号,1000,100,南北
平桥怡盛园三室二厅精装 家具家电齐全,3室2厅,怡盛园小区,剑江北路16号,1500,138,南北
伯爵花园小区 精装两室两厅 带空调 家具家电齐全 拎包入住,2室2厅,伯爵花园,斗蓬山路12号,1500,90,朝北
沙坝 行政服务大厅 幸福里精装三室 家具家电齐全 拎包入住,3室2厅,鼎源幸福里,七星路9号,1300,100,朝北
小围寨 世纪广场 电梯两室 精装修 家具家电齐全 拎包入住,2室2厅,世纪广场,剑江南路,1200,78,朝北
费城国际 精装修 单身公寓带空调 家具家电齐全 拎包入住,1室0厅,榕锐沸城国际,环东北路104号,1300,40,朝北
五月花旁，二室二厅拎包入住,2室2厅,物资大厦,剑江北路38,1300,88,东南
老四一四医院，宿舍，,2室1厅,静福小区,环城西路105号,800,78,东南
南州国际星岸三室两厅两卫出租,3室2厅,南州国际星岸,环西大道6号,1500,135,西南
水岸铭门三室两厅一卫出租,3室2厅,水岸铭门,西山大道,1900,110,朝南
小十字塞维利亚旁  两室一厅中等装修家具家电齐全拎包入住,2室1厅,中鑫大厦,工人路6号,900,75,南北
文峰家园 锦江苑 3室2厅 精装修 家电齐全 户型大 采光好,3室2厅,文峰家园,剑江中路36号,1600,143,朝东
万达广场 四一四医科大学附属医院 丽景天城 2室2厅1卫,2室2厅,丽景天城,汽车商贸城对面,1200,90,朝东
万达 剑江半岛 4室2厅2卫 2200元月拎包入住带空调,4室2厅,剑江半岛,杜鹃湖路,2200,133,朝东
大西门黔中公寓1室0厅1卫1400元月包物业拎包入住,1室0厅,黔中公寓,协府路10号,1400,40,朝东
大西门 东山怡景 旁 2室1厅1卫800元月拎包入住,2室1厅,东山怡景,协府路28号,800,88,朝东
大十字天桥处财政局宿舍步梯5楼全齐三居室仅租1千一个月,3室2厅,金海岸大厦,剑江中路67号,1000,90,南北
万达 御府湾 精装公寓 电梯房 家电家具齐全 拎包入住,1室1厅,御府湾,绿茵湖大道,1000,40,朝东
万达旁边 汇悦新天地两室两厅精装房出租 家电家具齐全拎包入住,2室2厅,汇悦新天地,斗篷山路100号,1800,100,朝南
租 老火车站 文峰公园门口 电梯3房 家电齐全1800月,3室2厅,西鸿大厦,新华路161号,1800,140,南北
剑锋小区瑞林苑 3室2厅2卫 1600元月 电梯房,3室2厅,剑锋小区瑞林苑,振华路,1500,137,东南
汽车总站 七小对面家具齐全领包入住,2室1厅,云都广场,剑江北路81号,900,80,西南
黑桥头 临江雅苑 三室精装1500 带空调 家具齐全,3室2厅,临江雅苑,平桥北路1号,1500,125,朝东
师院附近，精装 新家电1800带空调，3室1厅2卫,3室2厅,龙山豪景,斗篷山路96号,1700,119,南北
大十字 供电小区 三室一厅一卫 家电家具齐全 州医院 中医院,3室1厅,都匀供电局小区,剑江中路112号,800,90,朝东
南洲国际 马鞍山B区 精装电梯房 两室两厅一卫 家电家具齐全,2室2厅,马鞍山小区林馨佳苑,大龙大道,1300,90,朝东
万达旁城市风景三室二厅精装 家具家电齐全,3室2厅,城市风景,嘉和路2号,1600,130,南北
三街黔中公寓包物业宽带精装 家具家电齐全,1室0厅,黔中公寓,协府路10号,1400,40,南北
开发区转盘久达新村三室二厅精装 家具家电齐全,3室2厅,久达新村,飞燕路14号,1200,90,南北
沙坝丽景天城二室二厅精装 家具家电齐全,2室2厅,丽景天城,汽车商贸城对面,1200,90,南北
小十字州医院 现代城 精装电梯房 三室两厅两厅 家电家具齐全,3室2厅,现代城,民族路37号,1500,135,朝东
费城国际 汇通佳苑电梯精装三室两厅三空调家电家具齐全拎包入住,3室2厅,汇通佳苑,剑江北路72号,2000,110,朝北
大十字 繁华地段 物资大厦精装两室 家具及电齐全 拎包入住,2室2厅,物资大厦,剑江北路38,1500,88,朝北
财富中心对面  文峰家园旁时代广场简装4房，可办公可居住，,4室2厅,文峰家园,剑江中路36号,2500,165,朝东
复式楼两层，5室3厅2卫，拎包入住,5室3厅,水榭花都,环东北路74号,2000,188,东南
租伯爵花园精装单身公寓 家具家电齐全拎包即入住 小区环境优美,1室1厅,伯爵花园,斗蓬山路12号,1400,38,朝南
万代广场旁 汇悦新天地 精装两房，家具全带户型好采光好出租,2室2厅,汇悦新天地,斗篷山路100号,1600,85,西南
万达附近 十中对面龙山豪景精装房 1300半年付 家具齐全,3室1厅,龙山豪景,斗篷山路96号,1300,121,朝南
新都汇后面 水岸铭门 两室精装1300 户型通透,2室1厅,水岸铭门,西山大道,1300,76,南北
开发区伯爵 全欣大厦 4室2厅2卫1800元月适合办公入住,4室2厅,全欣大厦,天乐路10号,1800,150,朝东
州医院后门，四室，带空调，拎包入住！,4室2厅,东坡花园,环东中路113号,1500,140,东南
万达广场附近 御府湾两室两厅两卫精装房出租 家电家具齐全,2室2厅,御府湾,绿茵湖大道,1800,100,朝南
新都汇后面 水岸铭门三室两厅精装房出租 家电家具齐全,3室2厅,水岸铭门,西山大道,2000,107,朝南
万达广场楼上 两室两厅精装房出租 家电家具齐全 有地暖,2室2厅,天源2013,斗篷山路227号,2200,103,朝南
南洲国际三中旁边两室一厅精装房出租 家电家具齐全 拎包入住,2室1厅,马鞍山小区林馨佳苑,大龙大道,1500,90,朝南
万达广场附近 碧桂园滨江一号四室两厅两卫精装房 家电家具齐全,4室2厅,碧桂园滨江一号,西山大道,2000,131,朝南
大十字附近 观天下 三室两厅一卫精装修出租  家电家具齐全,3室2厅,观天下,迎宾路,2200,130,朝南
大十字附近金麒麟三室两厅精装房 家电家具齐全 拎包入住,3室2厅,金麒麟,工人路38号,2000,118,朝南
平桥头 四一四步梯二楼 三室两厅一卫 家电家具齐全 拎包入住,3室2厅,都市银座,剑江中路91号,900,85,朝东
云宫花城大三房131平，租1500月,3室2厅,云宫花城,云宫路,1500,131.5,南北
普罗旺斯旁电梯三房1600月，随时看房,3室2厅,全欣大厦,天乐路10号,1600,108,朝南
文峰广场尚城财富中心 1室1厅1卫 1500元月 50平,1室1厅,尚城财富中心,剑江中路35号,1500,50,南北
沸城国际三室一厅精装 家具家电齐全,3室1厅,利恒名苑(沸城100),剑江北路70号,1600,95,南北
都匀客运总站旁步梯三室两厅出租图片实拍拎包入住,3室2厅,云都广场,剑江北路81号,1000,103,南北
大十字物资大厦精装 家具家电齐全,2室2厅,剑江半岛,杜鹃湖路,1500,88,南北
新火车站聚林世纪城二室二厅精装 家具家电齐全,2室2厅,聚林世纪城,剑江南路181号,1000,84,南北
开发区 伯爵 豪华公寓带中央空调 一室两厅一卫 拎包入住,1室2厅,伯爵花园,斗蓬山路12号,1500,50,朝东
伯爵花园式小区 精装修单身公寓 采光好 家具齐全 拎包入住,1室1厅,伯爵花园,斗蓬山路12号,1300,40,朝北
平桥 广惠国际 四中 一小 两室两厅 精装修家电齐全拎包入住,2室2厅,广惠国际,平桥南路26号,1200,90,朝北
蒙家桥 公交站 新装修 两室一厅 家具家电齐全 拎包入住,2室1厅,东江小区,剑江南路2号,900,86,朝北
彩虹桥 嘉和园 三室两厅一卫 低楼层精装修家电齐全 拎包入住,3室2厅,嘉和园,天池路2号,1100,100,朝北
大十字 富强巷 新装两室一厅 家具家电齐全 拎包入住,2室1厅,明珠广场,剑江中路90号,900,80,朝北
聚林世纪城精装公寓  拎包入住 ，独立公寓，安全周边交通方便,1室1厅,聚林世纪城,剑江南路181号,1300,60,朝东
七街旁三室两厅一卫拎包入住,3室2厅,兴荣大厦,新华路26号,800,120,东南
大十字 电梯三室两厅两卫 办公 随时看房,3室2厅,中寰广场,剑江大道中段,2200,140,南北
中鑫大夏。三室两厅两卫，拎包入住,3室2厅,中鑫大厦,工人路6号,1800,130,西南
南州国际星岸两室一厅一卫出租,2室1厅,南州国际星岸,环西大道6号,1500,89,西北
蒙家桥 三仓库 菜场楼上 步梯5楼  2室出租  刚装修的,2室1厅,文峰家园,剑江中路36号,800,50,朝东
平桥 东山上品 3室2厅2卫 电梯6楼 家电齐全 拎包入住,3室2厅,东山上品,广惠路47号,1100,124,朝东
小围寨 南城新家园 3室1厅1卫家电齐全 拎包入住,3室2厅,城南新家园,独山路,1000,145,朝东
万达附近 红叶小区 三室精装 电梯2楼带露台 新房出租,3室2厅,红叶小区,绿茵湖大道中段,1800,125,朝南
伯爵花园 单身公寓1300 家具家电齐全 花园小区,1室1厅,伯爵花园,斗蓬山路12号,1300,39,朝南
尚城一品江景房 三室精装 全新家具家电 只租长租客,3室2厅,尚城壹品,剑江中路,2300,103,朝南
小十字 女人街 筑匀大厦 精装两室两厅一卫 家电家具齐全,2室2厅,筑匀大厦,广惠路407号,1500,105,朝东
大十字 南州国际文华苑2室2厅1卫精装全新家具没用过拎包入住,2室2厅,南州国际文华苑,大龙大道8号,1800,96,朝东
大西门 中医院旁 水锦花城 3室2厅2卫,3室2厅,水锦花城,环城西路36号,1200,125,朝东
万达开发区 伯爵花园 2室2厅1卫1600元月带空调拎包入住,2室2厅,伯爵花园,斗蓬山路12号,1600,90,朝东
平桥 沸城100旁 2室1厅1卫 1100元月精装修拎包入住,2室1厅,利恒名苑(沸城100),剑江北路70号,1100,90,朝东
万达 开发区 伯爵花园2室2厅1卫 1500元月拎包入住,2室2厅,伯爵花园,斗蓬山路12号,1500,97,朝东
万达广场沁园村 1室1厅1卫 1100元月精装修拎包入住,1室1厅,伯爵花园,斗蓬山路12号,1100,50,朝东
大十字 南州国际清华苑3室2厅2卫2000元月拎包入住,3室2厅,南州国际清华苑三期,外环东路,2000,115,朝东
新都汇国际 西城国际 2室1厅1卫 1600元月拎包入住,2室1厅,西城国际,西山大道,1600,79,朝东
大十字1300租电梯三房哦 西山大桥旁精装修家具齐全拎包入住,3室2厅,百业大厦,民族路6号,1300,130,南北
平桥客车站对面  平惠小区三室一卫简装步梯3楼停车方便有钥匙,3室1厅,平惠小区,平桥北路4号,900,88,南北
沙坝 鼎源幸福里 三室两厅一卫 精装修 家电家具齐全拎包入住,3室2厅,鼎源幸福里,七星路9号,1300,100,朝北
大十字 文峰园 尚城幸福里 两室一厅一卫 家电家具齐全新装修,2室1厅,尚城幸福里,云鹤路,1500,80,朝东
老山可乐 伯爵精装电梯房 两室两厅一厅 家电家具齐全拎包入住,2室2厅,伯爵花园,斗蓬山路12号,1500,97,朝东
万达广场附近 水岸绿洲两室两厅精装出租 家电家具齐全,2室2厅,水岸绿洲,斗篷山路189号,1400,96,朝南
万达广场对面 银湖星城三室两厅两卫精装房出租,3室2厅,银湖星城,毛尖大道中段,2200,127,朝南
腾龙溪苑 3室2厅2卫 1400元月 电梯房 精装修,3室2厅,腾龙溪苑,环城西路47号,1400,121,南北
大十字附近 西山新苑 单间房出租   可短租  带空调,1室0厅,西山新苑,民族路1号,1000,17,朝南
三线博物馆旁边南洲国际星岸两室一厅精装出租 家电家具齐全,2室2厅,南州国际星岸,环西大道6号,1500,95,朝南
老三可乐 伯爵花园单身公寓精装房出租 家电家具齐全 有空调,1室0厅,伯爵花园,斗蓬山路12号,1500,50,朝南
聚龙港 旁边 剑江半岛两室两厅精装房出租 家电家具齐全,2室2厅,剑江半岛,杜鹃湖路,1600,100,朝南
万达广场旁边 汇悦新天地两室两厅精装房 家电家具齐全,2室2厅,汇悦新天地,斗篷山路100号,1600,90,朝南
州医院后门2室2厅1卫100,2室2厅,文化小区,振华路,1300,100,西南
平桥 3室1厅1卫 900元月 90平,3室1厅,平惠小区,平桥北路4号,800,90,朝南
水厂沸城100  3室1厅1卫 1600元月 电梯房,3室1厅,利恒名苑(沸城100),剑江北路70号,1600,100,南北
中医院旁步梯3楼两室两厅房屋出租图片实拍拎包入住,2室2厅,电信小区,河滨路,1100,80,南北
开发区 紫竹苑 三室两厅一卫 家电家具齐配 拎包入住,3室2厅,紫竹苑,剑江大道中段,1200,100,朝东
州医院旁中大逸锋(免中介费)酒店式公寓住房出租,1室0厅,中大逸峰,文峰路1号,660,18,南北
南州国际马鞍山小区二室一厅精装 家具家电齐全,2室1厅,马鞍山小区林馨佳苑,大龙大道,1300,88,南北
三街黔中公寓精装 家具家电齐全,1室0厅,黔中公寓,协府路10号,1200,40,南北
大十字御庭苑二室二厅精装 家具家电齐全,2室2厅,御庭苑,剑江中路98号,1800,110,南北
平桥培育小区两室两厅房屋出租图片实拍拎包入住,2室2厅,兴亚培育小区,培育巷2号,1000,80,南北
广惠国际二室二厅精装 家具家电齐全,2室2厅,广惠国际,平桥南路26号,1500,90,南北
大十字物资大厦精装 家具家电齐全,3室2厅,物资大厦,剑江北路38,1500,165,南北
大十字西山桥头二室二厅精装 家具家电齐全,2室2厅,匀中大厦,剑江中路84号,1000,85,南北
万达购物广场龙山豪景精装修三室两厅两卫家具家电齐全拎包入住,3室2厅,龙山豪景,斗篷山路96号,1300,121,朝北
城市风景花园式小区 三室两厅两位 家具家电齐全 拎包入住,3室2厅,城市风景,嘉和路2号,1500,125,朝北
伯爵花园 1室1厅1卫 1200元月 电梯房 35平,1室1厅,伯爵花园,斗蓬山路12号,1200,35,西南
马鞍山，三室两厅拎包入住,3室2厅,马鞍山小区林馨佳苑,大龙大道,1500,110,东南
金海岸旁，邮电小区，三室两厅一卫拎包入住,3室2厅,邮电宿舍,云宫路,800,80,东南
高铁站旁人才公寓别墅出租 家具齐全 可办工  可居家,5室3厅,飞洋华府,黔南大道,4000,300,南北
沙坝北出口南州国际星岸三室两厅两卫精装修出租,3室2厅,南州国际星岸,环西大道6号,1900,124,南北
短租西山新苑单间酒店公寓出可做饭 房间多价格7001100,1室0厅,西山新苑,民族路1号,1100,30,朝南
伯爵花园 两室两厅精装修 双空调 户型通透采光好 家具齐全,2室2厅,伯爵花园,斗蓬山路12号,1500,90,朝南
大十字 西山大桥 两室精装步梯三楼 1100 带空调,2室2厅,百业大厦,民族路6号,1000,80,朝东
南州国际马鞍三中旁 三室两厅一卫 精装修 家电齐全 拎包入住,3室2厅,马鞍山小区林馨佳苑,大龙大道,1300,105,朝东
老火车站 尚城壹品 单身公寓 精装修 家电齐全 拎包入住,1室0厅,尚城壹品,剑江中路,1500,53,朝东
一室一厅一卫出租  有独立卫生间  可做饭,1室1厅,水岸铭门,西山大道,1000,25,南北
西苑伊甸园 3室2厅2卫1阳台 拎包入住,3室2厅,西苑伊甸园,西苑广场旁,1300,110,朝东
南州国际 清华苑 精装3室2厅2卫 家电齐全 拎包入住,3室2厅,南州国际清华苑三期,外环东路,2100,124,朝东
民中旁边 沙坝幸福里 三室精装1300 装修温馨 家具齐全,3室2厅,鼎源幸福里,七星路9号,1300,100,朝南
蒙家桥 东江小区 2室1厅1卫 家电齐全 拎包入住,2室1厅,东江小区,剑江南路2号,900,70,朝东
四一四医院 平桥转盘怡盛园三室电梯房 拧包入住 家具齐全,3室2厅,怡盛园小区,剑江北路16号,1500,138,朝东
大十字 七街商品房 步梯5楼 600月,1室0厅,中粮大厦,工人路3号,600,50,朝东
平桥 平惠小区 水榭花都步梯3楼 简装 适合办公 自带家具,3室2厅,水榭花都,环东北路74号,1200,130,朝东
平桥 四一四 广惠国际 精装电梯房 1室2厅1卫 拎包入住,1室2厅,广惠国际,平桥南路26号,1400,60,朝东
万达广场旁公寓有大阳台采光好，有厨房，独立卫生间(房主直租),1室1厅,黔南汽车商贸城,斗篷山路269号,950,40,朝西
大十字御庭园两室两厅两卫精装修高层电梯房家电齐全拎包入户,2室2厅,御庭苑,剑江中路98号,1600,110,朝北
小十字女人街 两房两厅一卫 精装修大两房 家电齐全 拎包入住,2室2厅,筑匀大厦,广惠路407号,1500,105,朝东
平桥 宵夜街附近 三室一厅一卫 有空  步梯四楼 家电齐全,3室1厅,中房小区,平桥北路27号,800,90,朝东
交警大队附近 贵侯苑 3室2厅1卫1阳台 拎包入住 步梯4楼,3室2厅,华兴苑,斗篷山路47号,1500,138,朝东
开发区 紫竹苑 三室两厅一卫 家电家具齐配 拎包入住,3室2厅,紫竹苑,剑江大道中段,1200,100,朝东
平桥汽车站 四一四医院旁 步梯5楼 超大阳台 家电齐全,3室2厅,虹桥苑,江北路172号,1000,120,朝东
大十字 五月花旁 物资大厦  精装2房 有电梯 家电齐全,2室2厅,物资大厦,剑江北路38,1500,88,朝东
开发区观澜水岸，环境安静，交通方便,4室2厅,观澜水岸,观澜路79号,1800,160,朝南
都市金座 繁华地段 价格便宜 128平 2000月,3室2厅,都市金座,剑江中路71号,2100,126,东南
老山可乐 电梯小高层 精装修 单身公寓 800到1200随选,1室1厅,恒丰普罗旺斯,天乐路,800,40,朝东
州医院旁中大逸峰公寓有大飘窗，采光好有独立卫生间（免中介费）,1室0厅,中大逸峰,文峰路1号,850,28,朝西
大十字（市政府宿舍）合租，两室,3室1厅,市政府小区,剑江中路,500,85.3,南北
沙坝四一四医院旁(免中介费）北部印象酒店式公寓住房出租,1室0厅,北部印象,红叶路8号,900,22,南北
万达旁城市风景 三室两厅精装房 小区环境优雅 户型通透采光好,3室2厅,城市风景,嘉和路2号,1500,130,南北
大十字 中鑫大厦 1室1厅1卫 精装修家电齐全 拎包入住,1室1厅,中鑫大厦,工人路6号,1400,55,朝南
天源2013 斯维登度假酒店 柃包入住 家电齐全,1室0厅,天源2013,斗篷山路227号,1600,40,朝东
开发区转盘 临江雅苑 3室2厅2卫 电梯15楼 拎包入住,3室2厅,临江雅苑,平桥北路1号,1500,125,朝东
平桥汽车站 公路局宿舍楼  步梯3楼  2室1厅 家电齐全,2室1厅,利恒名苑(沸城100),剑江北路70号,700,80,朝东
大十字 中医院 御庭苑 空房出租 可办公 或自带家具入住,3室2厅,御庭苑,剑江中路98号,900,120,朝东
老山可乐菜场 20余套单身公寓电梯直达 带空调 单间 可短租,1室1厅,恒丰普罗旺斯,天乐路,800,40,朝东
大十字旁中鑫大厦公寓有厨房，带阳台采光好(房主直租),1室1厅,中鑫大厦,工人路6号,1100,38,东南
三中旁边栋 马鞍山A区1栋两室精装 房子干净值价 家具齐全,2室2厅,马鞍山小区林馨佳苑,大龙大道,1800,96,朝北
平桥 利恒名苑(沸城100) 3室2厅2卫 2000元月,3室2厅,利恒名苑(沸城100),剑江北路70号,2000,130.5,南北
黔中公寓 3室2厅1卫 1400元月 精装修 南北通透,3室2厅,黔中公寓,协府路10号,1400,110,朝南
老火车站 尚城幸福里 两室精装1500 全新家具家电拧包入住,2室1厅,尚城幸福里,云鹤路,1500,80,朝南
南州国际三中 B区 两室两厅一卫 家电齐全 拎包入住 风景优,2室2厅,马鞍山小区林馨佳苑,大龙大道,1300,90,朝东
州医院金麒麟三室一厅两卫高层电梯房适合做美容以及办公 有阳台,3室1厅,金麒麟,工人路38号,1800,147,朝东
大西门老三中广惠国际 两室两厅一卫 精装修 家电齐全 拎包入,2室2厅,广惠国际,平桥南路26号,1300,90,朝东
伯爵花园精装修电梯三房双卫仅要1800  拎包入住 全齐,3室2厅,伯爵花园,斗蓬山路12号,1800,125,南北
林智广场英伦国际电梯房精装修三房两厅两卫家电齐全拎包入住,3室2厅,英伦国际,小康路,1300,115,朝东
沙坝附近 鼎源幸福里 3室2厅1卫 精装修 家电齐全拎包入住,3室2厅,鼎源幸福里,七星路9号,1300,100,朝东
近州医院 东山隧道口 两房一厅一卫 家电家具齐全 步梯8楼,2室1厅,东山学苑,广惠路66号,800,80,朝东
平桥 鸿安家园 3室2厅2卫1阳台 家电齐全 柃包入住,3室2厅,鸿安家园,环东北路108号,1400,136,朝东
万达 沙坝  行政中心 丽景天城   温馨2室 家电齐全,2室2厅,丽景天城,汽车商贸城对面,1200,90,朝东
大十字  金海岸 客厅带空调 河景房  精装2室  家电齐全,2室2厅,金海岸大厦,剑江中路67号,1400,110,朝东
开发区彩虹桥 虹桥派出所门口 步梯5楼  4室 家电齐全,4室2厅,嘉和园,天池路2号,800,130,朝东
临江大厦单身公寓，市中心地段,1室0厅,临江大厦,河滨路,1500,40,朝南
临江雅苑  三室两厅两卫出租  拎包入住,3室2厅,临江雅苑,平桥北路1号,1600,120,南北
水岸名门  单身公寓出租  拎包入住,1室1厅,水岸铭门,西山大道,1100,50,南北
文峰公园牌坊   步梯二楼  两室  月租1000!,2室1厅,文峰家园,剑江中路36号,1000,55,南北
173温泉新城 3室2厅2卫 1200元月 电梯房,3室2厅,173新天地,210国道,1200,125,朝南
伯爵花园酒店式公寓。有个落地窗，采光好（房主直租）,1室0厅,伯爵花园,斗蓬山路12号,900,32,朝西
伯爵花园酒店式公寓，采光好，有厨房，独立卫生间(房主直租),1室0厅,伯爵花园,斗蓬山路12号,900,25,朝西
尚城幸福里 2室2厅1卫 1500元月 南北通透 精装修,2室2厅,尚城幸福里,云鹤路,1500,64,朝东
开发区(免中介费)剑江畔岛单身公寓住房出租,1室0厅,剑江半岛,杜鹃湖路,1000,30,南北
新都汇 水岸铭门旁  西城国际 2室1厅1卫 1600包物业,2室2厅,西城国际,西山大道,1600,80,朝东
市区 新都汇 西山新苑 精装3室2厅2卫 采光户型好,3室2厅,西山新苑,民族路1号,2100,142,朝南
附中旁法院宿舍三室两厅一卫120平米拎包入住5楼出租,3室2厅,东山怡景,协府路28号,1200,120,南北
清华苑三期 三室两厅两卫精装新房 品味人士看过来 物有所值,3室2厅,南州国际清华苑三期,外环东路,2100,115,朝东
文峰园 财富中心 后面十一小 两室一厅步梯四楼 家电齐全,2室1厅,尚城财富中心,剑江中路35号,800,80,朝东
平惠小区 3室1厅1卫 1000元月 配套齐全 88平,3室1厅,平惠小区,平桥北路4号,1000,88.4,东南
文峰园老火车站 尚城幸福里 2是两厅一卫  家电齐全拎包入住,2室2厅,尚城幸福里,云鹤路,1500,80,朝东
大十字 文峰园 尚城幸福里 两室一厅一卫 家电家具齐全新装修,2室1厅,尚城幸福里,云鹤路,1500,80,朝东
开发区 沁园村小区 3室2厅2卫1阳台 精装修 家电齐全,3室2厅,沁园村小区,剑江大道中段,1600,110.7,朝东
万达  开发区 城市风景 精装3室 小区环境安静，家电齐全,3室2厅,城市风景,嘉和路2号,1500,130,朝东
老山可乐 开发区久达新村步梯6楼 精装3室初次出租 家电齐全,3室2厅,久达新村,飞燕路14号,1000,100,朝东
州医院旁边 温馨 2室1厅1卫 1000元月 67平,2室1厅,金麒麟,工人路38号,1000,67,东南
小十字 中粮大夏  可做办公  商用,2室2厅,中粮大厦,工人路3号,1300,93,南北
可短租！老山可乐低楼层可押一付一 锅碗瓢盆俱全 领包入住,1室1厅,伯爵花园,斗蓬山路12号,1000,20,南北
万达广场楼上单身公寓出租1200,1室0厅,天源2013,斗篷山路227号,1200,45,朝西
南州国际，三中旁，青云湖旁边，三室拎包入住！,3室2厅,马鞍山小区林馨佳苑,大龙大道,1800,126,东南
老火车站 财富中心 复式楼 2室1厅 家电齐全 拎包入住,2室1厅,尚城财富中心,剑江中路35号,1500,90,朝东
老火车站 尚城财富中心loft公寓 户型好用可办公裔住一体,1室1厅,尚城财富中心,剑江中路35号,1500,48,南北
开发区，城市风景大三房，拎包入住！,3室2厅,城市风景,嘉和路2号,1800,130,东南
老三可乐电梯小高层 精装修单身公寓 价格8001200,1室1厅,紫竹苑,剑江大道中段,800,40,南北
城市风景  空房出租  押一付三  剑江半岛旁,3室2厅,城市风景,嘉和路2号,1350,121,东西
老山可乐菜场 小高层，电梯房  800起租  租期不限,1室1厅,紫竹苑,剑江大道中段,800,35,朝南
平桥彩虹桥 临江雅苑 三室两厅两卫 精装修带空调 拎包入住,3室2厅,临江雅苑,平桥北路1号,1500,125,朝东
南洲国际 马鞍山A区 三室两厅精装房 户型通透采光好,3室2厅,马鞍山小区林馨佳苑,大龙大道,1500,102,朝南
大十字 中鑫大厦旁三室两厅一卫 三空调  家电齐全 拎包入住,3室2厅,协和星苑,剑江中路118号,1400,110,朝东
开发区 彩虹桥长江花园 三房一厅一卫 家电家具齐全 步梯4楼,3室1厅,长江花园,剑江大道中段,1300,120,朝东
小围寨城南新家园 4室2厅1卫 1600元月家电家具齐全,4室2厅,城南新家园,独山路,1600,145,朝东
173  匀山樾  新装修 初次出租  可配齐所有家具家电,2室2厅,匀山樾,剑江北路120号,1600,100,朝南
开发区彩虹桥 兴亚大厦 步梯3楼精装3室 家电齐全 拎包入住,3室2厅,兴亚大厦,平桥北路1号,1000,120,朝东
彩虹桥碧云苑 三室两厅两卫出租 带停车位 河景房,3室2厅,碧云苑,平桥北路2号,1300,115,南北
平桥客车站旁边，三房，可办公，可住宿，好地段，好停车！,3室2厅,京都广场,平桥北路,1300,110,东南
文峰园尚城财富中心精装小复式楼 可做办公,1室1厅,尚城财富中心,剑江中路35号,1500,80,朝北
万达 桃溪园 3室1厅2卫 家电齐全 拎包入住,3室2厅,桃溪园,龙山大道171号,1200,134,朝东
大十字 五月花 电梯房9楼两房精装修 1500 房屋干净透亮,2室2厅,物资大厦,剑江北路38,1500,88,朝南
大十字物资大厦三室两厅两卫精装修双空调 超大空间可家住可办公,3室2厅,物资大厦,剑江北路38,1500,165,朝东
小围寨剑江新城三室两厅精装修电梯房家电齐全拎包入住有阳台,3室2厅,剑江新城,振华路,1000,120,朝东
老火车站 尚城壹品 单身公寓 1500带空调 新房出租,1室0厅,尚城壹品,剑江中路,1500,53,朝南
小十字 女人街 筑匀大厦 2室2厅 家电家具齐全,2室2厅,筑匀大厦,广惠路407号,1500,105,朝东
开发区 伯爵花园 一室一厅 精装修电梯21楼  家电齐全,1室1厅,伯爵花园,斗蓬山路12号,1500,40,朝东
四小  三中南州国际 清华苑三期 新装修 家电齐全 拎包入住,3室2厅,南州国际清华苑三期,外环东路,2100,124,朝东
伯爵花园   单身公寓出租精装修  空调家具家电齐全拎包入住,1室1厅,伯爵花园,斗蓬山路12号,1500,45,朝南
州医院 现代城空中花园 电梯四楼精装房 家具齐全,3室2厅,现代城,民族路37号,1500,135,朝东
中大逸峰单间带独立卫生间  有大飘窗 采光极好(房主直租),1室0厅,中大逸峰,文峰路1号,850,28,朝西
新都汇 水锦花城 3室2厅1卫 家电家具齐全 步梯3楼,3室2厅,水锦花城,环城西路36号,1200,125,朝东
东来尚城 两室精装 1000 家具家电齐全 花园小区,2室1厅,东来尚城,东来路,1000,95,朝南
平桥 怡盛原小区 电梯房 三室两厅两卫 家电齐全  拎包入住,3室2厅,怡盛园小区,剑江北路16号,1500,138,朝东
开发区彩虹桥 久达新村 三室一厅 步梯二楼 家电齐全拎包入住,3室1厅,久达新村,飞燕路14号,900,80,朝东
老火车站 文峰家园 两室一厅 步梯五楼 家电齐全 拎包入住,2室1厅,文峰家园,剑江中路36号,800,60,朝东
大十字 蔬菜公司 3室1厅1卫 家电齐全,3室1厅,蔬菜公司综合楼,新市街10号,1000,75,朝东
老火车站 尚城财富中心 精装修2室1厅2卫  家电齐全,2室1厅,尚城财富中心,剑江中路35号,1500,90,朝南
大十字 中鑫大厦旁 步梯3楼 三室一厅一卫 家电家具齐全,3室1厅,中鑫大厦,工人路6号,1200,105,朝东
伯爵花园 1室1厅1卫 1400元月 精装修 电梯房,1室1厅,伯爵花园,斗蓬山路12号,1400,38.8,东南
大十字 中鑫大厦一室户公寓 家具家电齐全 户型通透采光好,1室0厅,中鑫大厦,工人路6号,1400,55,南北
四一四医院 平桥转盘怡盛园三室电梯房 拧包入住 家具齐全,3室2厅,怡盛园小区,剑江北路16号,1500,127,朝南
七街工行宿舍  步梯三楼  出租  看房方便  有钥匙,2室2厅,新华路工商银行宿舍,新华路103号,900,78,朝南
老火车站 尚城壹品 3室2厅2卫 家具齐全 全新家电 精装修,3室2厅,尚城壹品,剑江中路,2300,103,朝东
出租万达广场附近精装修三室两厅两卫，家电家具齐全，拎包入住,3室2厅,银湖星城,毛尖大道中段,1800,140,南北
云宫花城步梯三室两厅两卫出租停车方便精装房,3室2厅,云宫花城,云宫路,1300,121,南北
伯爵花园酒店式公寓，有个阳台采光通风好（房主直租）,1室0厅,伯爵花园,斗蓬山路12号,750,25,朝西
临江大厦单身公寓 1600元月 电梯房 精装修 交通便利,1室1厅,临江大厦,河滨路,1600,44,西南
财富中心对面文峰商贸城  三室两厅一卫  月租1000!,3室2厅,文峰商贸城,剑江中路196号,1000,109,南北
四一四 平桥汽车站 怡盛园   电梯精装3房   家电齐全,3室2厅,怡盛园小区,剑江北路16号,1500,137,朝东
平桥414医院旁西苑大厦酒店式公寓，有落地窗(房主直租),1室0厅,西苑大厦,斗篷山路28号,750,20,朝西
开发区 伯爵花园 单身公寓 六楼电梯精装修 拎包入住,1室0厅,伯爵花园,斗蓬山路12号,1100,35,朝东
小十字  七街  工行宿舍两室一厅  78平 租金800,2室1厅,明珠广场,剑江中路90号,800,78,南北
伯爵花园精装单身公寓，家具家电齐全，可以拎包入住！,1室1厅,伯爵花园,斗蓬山路12号,1380,38,南北
大十字中鑫大厦单间带独立卫生间出租,1室0厅,中鑫大厦,工人路6号,700,34,朝南
东来尚城小区电梯精装两室两厅出租图片实拍拎包入住,2室2厅,东来尚城,东来路,1600,85,南北
老山可乐宵夜摊后面 三室两厅 1000  步梯四楼,3室2厅,紫竹苑,剑江大道中段,1000,97,朝南
水岸名门  精装修新房  单身公寓第一次出租家具家电齐全,1室1厅,水岸铭门,西山大道,1600,45,朝南
石板街坡顶三街街口步梯2楼两室一厅的整套出租图片实拍拎包入住,2室2厅,金鹏花园,广惠路270号,800,80,南北
文峰小区三室两厅房屋出租图片实拍拎包入住,3室2厅,文峰商贸城,剑江中路196号,1200,99,南北
平桥 汽车进站口 2室2厅1卫 家电齐全  步梯6楼,2室2厅,平桥商品房,平桥南路,800,70,朝东
老火车站尚城财富中心   东江小区 2室2厅1卫 900元月,2室2厅,东江小区,剑江南路2号,900,86,东南
万达 银湖星城 精装修3室2厅2卫1阳台 家电齐全 采光好,3室2厅,银湖星城,毛尖大道中段,1600,120,朝东
万达附近 滨江壹号四室精装 1500下定可配齐家具家电,4室1厅,碧桂园滨江一号,西山大道,1500,93,朝南
七小旁边 公路局宿舍 两室700步梯三楼 家具齐全 有门卫,2室1厅,汽运公司宿舍,剑江北路61号,700,89,朝西
办公佳 州医院后门 剑峰小区大户型三房 采光好空间大,3室2厅,剑峰小区,环东中路256号,1800,130,西南
汇悦新天地  单身公寓出租  拎包入住,1室1厅,汇悦新天地,斗篷山路100号,1400,59,南北
水岸公馆电梯三室两厅房屋出租图片实拍拎包入住,3室2厅,水岸公馆,斗篷山路113号,1600,108,南北
平惠小区 3室1厅1卫 1000元月 89平,3室1厅,平惠小区,平桥北路4号,1000,89,朝南
观澜水岸 2室2厅1卫 1600元月 配套齐全 精装修,2室2厅,观澜水岸,观澜路79号,1600,92,南北
百业大厦 3室2厅2卫 1300元月 配套齐全 精装修,3室2厅,百业大厦,民族路6号,1300,130,朝西
西苑大厦电梯空房出租图片实拍办公方便,3室2厅,西苑大厦,斗篷山路28号,1700,130,南北
三小门口电梯底层三室两厅两卫145平米空房出租,3室2厅,御庭苑,剑江中路98号,1500,145,南北
东山怡景附近  拎包入住 出行方便,2室1厅,东山怡景,协府路28号,1000,80,朝南
伯爵花园 3室2厅2卫 1800元月 精装修 125平,3室2厅,伯爵花园,斗蓬山路12号,1800,125,朝东
急租 市区精装三房 装修未入住,3室2厅,尚城壹品,剑江中路,2200,102,东南
汇通佳苑 3室2厅2卫 1600元月 113平 豪华装修,3室2厅,汇通佳苑,剑江北路72号,1600,111,南北
伯爵花园 3室2厅1卫 1500元月 南北通透 电梯房,3室2厅,伯爵花园,斗蓬山路12号,1500,99,南北
云都广场旁，交警队宿舍，可以停车！,3室2厅,云都广场,剑江北路81号,1000,150,东西
老山可乐永辉超市楼上电梯房出租。,3室2厅,恒丰普罗旺斯,天乐路,1500,116,朝南
开发区(免中介费）剑江畔酒店式公寓住房出租,1室0厅,剑江半岛,杜鹃湖路,750,18,南北
西苑大厦 办公住房   美容培训 等都可。随时看,4室2厅,西苑大厦,斗篷山路28号,2800,208,朝东
（房主直租）师院附近电信大楼对面,1室0厅,锦江豪苑,斗篷山路179号,650,15,朝东
水岸铭门两室一厅一卫出租家电家具齐全拎包入住,2室1厅,水岸铭门,西山大道,1600,98,南北
东山学院 整租1300元 看房方便 拎包入住,1室1厅,东山学苑,广惠路66号,1300,45,朝南
仙和小区三房整租 长租可议价,3室1厅,仙和小区,环东南路,800,90,朝南
伯爵对面龙彩花园小区步梯2楼三室两厅两卫出租图片实拍拎包入住,3室2厅,龙彩花园,兰香巷,1500,130,南北
水锦花城3房2厅拎包入住（接送看房）,3室2厅,水锦花城,环城西路36号,1200,100,南北
万达广场天源2013单身公寓出租,1室0厅,天源2013,斗篷山路227号,1200,30,南北
临江大厦 大十字市区繁华地段交通方便周边配套全 临河,2室1厅,临江大厦,河滨路,1200,37,南北
大十字步梯4楼两厅整套出租700一月,2室2厅,匀中大厦,剑江中路84号,700,70,南北
老山可乐星空影城附近步梯4楼两室两厅出租,2室2厅,黎筑金色城邦,龙山大道44号,1000,90,南北
平桥建贸大厦2房2厅拎包入住（接送看房）,2室2厅,建贸大厦,平桥北路,1200,100,东西
市中心，精装两房，手慢就不在啦,2室2厅,西城国际,西山大道,1600,80,朝北
星力城附近州医院后门电梯精装宽敞三室拎包入住！,3室2厅,东坡经典时代,民族路,1700,136,朝西
州医院后门剑锋小区步梯中层三室两厅精装房出租,3室2厅,剑锋小区瑞林苑,振华路,1400,99,南北
尚城幸福里 2室1厅1卫 1600元月 精装修 电梯房,2室1厅,尚城幸福里,云鹤路,1600,100,东北
都匀二小南校区，云宫花成大三房出租,3室2厅,云宫花城,云宫路,1200,108,东西
伯爵三室两厅两卫精装修出租,3室2厅,伯爵花园,斗蓬山路12号,2200,125.6,朝南
万达附近 师院后门 观澜水岸两室精装 1500 家具家电齐全,2室2厅,观澜水岸,观澜路79号,1500,92,朝北
黔南汽车商贸城 合租  630元月 精装修 35平,4室2厅,黔南汽车商贸城,斗篷山路269号,630,35,朝南
锦绣家园3房2厅拎包入住（接送看房）,3室2厅,锦绣家园,协府路13号,1500,136,东西
老山可乐普罗旺斯旁边电梯三室两厅一卫出租,3室2厅,全欣大厦,天乐路10号,1600,108,南北
伯爵花园三室两厅一卫出租家电家具齐全拎包入住,3室1厅,伯爵花园,斗蓬山路12号,1600,98,朝南
大十字步梯4楼三室两厅出租图片实拍拎包入住,3室2厅,匀中大厦,剑江中路84号,1000,121,南北
沙坝，北出口，两室电梯拎包住！,2室1厅,北城财阜,匀杨大道,1300,90,东南
京都广场 2室2厅1卫 1500元月 电梯房 精装修,2室2厅,京都广场,平桥北路,1500,76,南北
嘉和园小区三室两厅两卫出租图片实拍停车方便,3室2厅,嘉和园,天池路2号,1000,118,南北
伯爵对面全欣大厦电梯三室两厅两卫出租图片实拍拎包入住,3室2厅,全欣大厦,天乐路10号,1600,130,南北
三室两厅两电梯房仅租1000元每月！,3室2厅,丽景天城,汽车商贸城对面,1000,120,朝东
老火车站尚城幸福里精装两室全新装修从未入住过1600一个月,2室2厅,尚城幸福里,云鹤路,1600,70,南北
南国丽景  州医院后面 三室两厅出租！,3室2厅,南国丽景,环东北路15号,1200,113,东南
城南新家园 4室2厅2卫 1800元月 精装修 148平,4室2厅,城南新家园,独山路,1800,148,东北
沙坝北出口北城财阜两室拎包入住！楼下有菜场超市生活便利！,2室2厅,北城财阜,匀杨大道,1300,90,朝东
平桥414医院旁边大户型，三室两厅两卫，采光好，交通方便,3室2厅,虹桥苑,江北路172号,1000,145,东西
彩虹桥长江花园  三室两厅中等装修  家具家电齐全l拎包入住,3室2厅,长江花园,剑江大道中段,1000,110,朝南
云宫华花城 三室两厅两卫  出租,3室2厅,云宫花城,云宫路,1200,110,东西
百业大厦 3室2厅2卫 1300元月 精装修 130平,3室2厅,百业大厦,民族路6号,1300,130,东北
水岸铭门  单身公寓 拎包入住 800到1000每月！,1室0厅,水岸铭门,西山大道,800,30,南北
尚城幸福里周边步梯房 两室一厅 拎包入住 采光好,2室1厅,尚城幸福里,云鹤路,900,70,西北
平桥京都广场   三室两厅两卫 精装修家具家电齐全拎包入住,3室2厅,京都广场,平桥北路,1600,120,南北
新火车站聚林世纪城小区电梯两室两厅出租,2室2厅,聚林世纪城,剑江南路181号,1200,85,南北
租 温馨3室 伯爵对面 老山可乐 全欣大厦 1500元月,3室2厅,全欣大厦,天乐路10号,1500,108,朝东
平桥客运总站附近步梯4楼带免费停车位,3室2厅,鹏达物资大厦,剑江北路38,1300,148,南北
新上！小十字花欣大厦电梯房！适合办公！地段好！户型宽敞！,3室2厅,华欣大厦,广惠路438号,2000,168,朝南
东山学苑单身公寓，交通方便,1室0厅,东山学苑,广惠路66号,1000,40,朝南
全欣大厦 3室2厅2卫 1600元月 精装修 电梯房,3室2厅,全欣大厦,天乐路10号,1600,108,东北
碧桂园滨江一号 5室2厅2卫 2000元月 136平,5室2厅,碧桂园滨江一号,西山大道,2000,135,南北
水岸公馆电梯三室两厅两卫出租图片实拍拎包入住,3室2厅,水岸公馆,斗篷山路113号,2300,125,南北
成熟小区，核心地段，上学就医购物方便！,3室2厅,培育大厦,培育巷1号,1300,137,东南
江景三房，精装修干净卫生，家电家具齐拎包入住,3室2厅,京都广场,平桥北路,1800,125,南北
水岸名门 一室一厨一卫 冰箱洗衣机等800起 随时看房,1室0厅,水岸铭门,西山大道,800,15,南北
东来尚城整层出租，可以作为培训或洒店,6室1厅,东来尚城,东来路,6200,408,东西
碧桂园滨江一号电梯大户型空房出租图片实拍办公非常方便,5室2厅,碧桂园滨江一号,西山大道,2500,180,南北
平桥附近步梯两室两厅出租图片实拍拎包入住,2室2厅,平惠小区,平桥北路4号,900,75,南北
南州国际三室两厅带阳台 家具家电齐全 拎包入住,3室2厅,南州国际清华苑,青云湖大道,1700,100,朝南
南州国际马鞍山小区精装3房两厅两卫，可拎包入住！！,3室2厅,马鞍山小区林馨佳苑,大龙大道,1680,123,朝南
伯爵花园旁金色城邦公寓，有厨房，落地窗（房主直租）,1室0厅,黎筑金色城邦,龙山大道44号,880,26,朝西
水岸绿洲   三室两厅可短租精致装修家具家电齐全拎包入住,3室2厅,水岸绿洲,斗篷山路189号,1600,120,南北
城市风景  靠路边方便打广告 两室两厅中等装修有家具电器,2室2厅,嘉和城市风景,嘉和路2号,1200,89,南北
万达广场 可短租三室两厅两卫精致装修 户型方正办公居家都可以,3室2厅,天源2013,斗篷山路227号,2200,136,朝南
大十字旁七街二楼3房2室1厅套房，采光好，交通便利,3室2厅,东方明珠,民族路,1000,108,朝西
东山隧道旁边，电梯两室，拎包入住！,2室1厅,东山学苑,广惠路66号,1300,88,东南
伯爵花园  单身公寓出租精装修 家具家电齐全拎包入住,1室1厅,伯爵花园,斗蓬山路12号,1500,50,南北
兴亚大厦 3室1厅2卫 1100元月 南北通透 精装修,3室1厅,兴亚大厦,平桥北路1号,1100,170,朝西
四室两厅一卫  价格美丽 只要800即可入住,4室2厅,市医院宿舍,协府路17号,800,100,东西
万达汇悦新天地  两室一厅精装修空调家具家电齐全拎包入住,2室1厅,汇悦新天地,斗篷山路100号,1600,78,南北
马鞍山116平米三房毛坯出租1100元月,3室2厅,马鞍山小区林馨佳苑,大龙大道,1100,116,东南
平桥汽车站对面云都广场套房，采光好，价格优惠,3室1厅,云都广场,剑江北路81号,1380,108,东西
银湖新城153平米4室2厅2卫中装家电齐全2000元,4室2厅,银湖新城,毛尖大道中段,2000,153,南北
红大院实验三小对面，红叶小区，  两室一厅一卫，拎包入住！,2室1厅,红叶小区,绿茵湖大道中段,1200,100,东南
大十字现代城 三房低价出租 拎包入住,3室2厅,现代城,民族路37号,1500,135,南北
东坡花园 2室1厅1卫 1000元月 90平,2室1厅,东坡花园,环东中路113号,1000,90,朝西
聚林广场三室一厅一卫出租1300     可以配床   沙发,3室1厅,聚林世纪城,剑江南路181号,1300,87,南北
大十字天桥，适合办公居住，三室好地段！,3室2厅,匀中大厦,剑江中路84号,1600,125,东北
小十字  中心位置 交通方便,3室1厅,明珠广场,剑江中路90号,800,90,东南
马鞍山青云湖这边，可办公，可住宿，第一次出租！,3室2厅,马鞍山小区林馨佳苑,大龙大道,1500,120,东南
都匀一号，两室出租，拎包入住！,2室1厅,都匀1号,斗篷山路277号,1200,80,东南
沙坝，北出口，三室精装房，拎包入住，出租！,3室2厅,北城财阜,匀杨大道,1600,130,东南
开发区万达旁，两室拎包入住，目前停车免费！,2室1厅,御府湾,绿茵湖大道,1400,80,东南
电信大楼对面锦江豪苑,5室2厅,锦江豪苑,斗篷山路179号,2300,206,朝东
万达旁，青禾家具楼上，电梯三室带空调拎包入住！,3室2厅,龙山豪景,斗篷山路96号,1800,120,南北
碧桂园滨江一号   四室两厅  精装修 空房没有家具,4室2厅,碧桂园滨江一号,西山大道,1500,120,南北
州医院后门东坡花园 步梯高层 家具家电齐全 带电脑宽带机顶盒,3室2厅,东坡花园,环东中路113号,1500,120,朝南
老山可乐，夜宵摊，三室两厅一卫一厨，拎包入住！,3室2厅,紫竹苑,剑江大道中段,1500,105,东南
173碧桂园，四室拎包入住，小区环境好！,4室2厅,碧桂园凤凰城(都匀),绿茵湖大道,1300,140,东南
伯爵花园 1室1厅1卫 1300元月 精装修 南北通透,1室1厅,伯爵花园,斗蓬山路12号,1200,45.7,南北
都匀市（五街邮政宿舍）两室两厅一卫步梯房6楼出租,2室2厅,环东南路127号25栋住宅楼,环东南路127号,600,70,东西
碧桂园滨江一号 4室2厅2卫 2000元月 116平,4室2厅,碧桂园滨江一号,西山大道,2000,116,东南
新都汇购物广场对面水上体育中心旁 电信小区两室一厅租1000,2室1厅,电信小区,河滨路,1000,65,东南
急租！小十字，州医院，金麒麟，三室，可办公，可住人！,3室2厅,金麒麟,工人路38号,1600,125,西北
碧桂园旁红叶小区   三室两厅中等装修家具家电齐全 拎包入住,3室2厅,红叶小区,绿茵湖大道中段,1300,116,南北
急租水岸名门单身公寓,1室1厅,水岸铭门,西山大道,1100,49,南北
急租 临江大厦 精装单身公寓 1600月 拎包入住,1室1厅,临江大厦,河滨路,1600,60,朝西
马鞍山安置房A区 3室2厅1卫 1800元月 电梯房,3室2厅,马鞍山小区林馨佳苑,大龙大道,1800,100,朝东
大坪，电梯三室好房，拎包入住，带空调！,3室2厅,幸福小区,德远路,1500,135,东南
东山隧道这边，三室拎包入住，装得还可以！,3室2厅,东山上品,广惠路47号,1300,130,东南
小十字  三室两厅 简单装修 家具家电齐全拎包入住,3室2厅,中鑫大厦,工人路6号,1000,110,朝南
东山上品 三室二厅 户型方正 中等装修 家具家电齐全 拎包入,3室2厅,东山上品,广惠路47号,1300,100,南北
大十字，电梯三室拎包入住！,3室2厅,都市金座,剑江中路71号,1800,130,东南
水岸铭门单身公寓出租600一700每月,1室0厅,水岸铭门,西山大道,600,30,朝东
万达旁，温馨两室，拎包住，房东好说话！,2室2厅,汇悦新天地,斗篷山路100号,1500,80,东南
开发区，城市风景，三室拎包入住！,3室1厅,城市风景,嘉和路2号,1600,110,东南
老山可乐，适合办公，开店用！普罗旺斯，三室，,3室2厅,恒丰普罗旺斯,天乐路,1600,120,东南
大十字！电梯房！大十字，明珠广场，两室简装，底价急租！,2室1厅,明珠广场,剑江中路90号,1200,105,东北
伯爵花园旁天源花园3室2厅1卫 1200元月 精装修,3室2厅,天源花园(都匀),都匀市龙山大道伯爵隔壁,1200,92.5,南北
南洲国际 马鞍山小区B区  三室两厅精装修 没有家具办公,3室2厅,南州国际文华苑,大龙大道8号,1500,120,南北
小十字，电梯单间，新装，好住，地段好，价格低！,1室1厅,华欣大厦,广惠路438号,900,50,东南
沙坝，北出口这边，两室拎包入住，随时看房！,2室1厅,北城财阜,匀杨大道,1200,85,西北
老山可乐，夜市街，电梯三室，拎包入住！,3室1厅,紫竹苑,剑江大道中段,1300,110,东南
兴亚大厦 2室1厅1卫 1200元月 96平 靠路边,2室1厅,兴亚大厦,平桥北路1号,1200,96,朝西
新二中，电梯三室，拎包入住！,2室2厅,金澜湾,甲茶路,1800,90,东南
大西门，三小，电梯温馨两室，出租！,2室1厅,黔中公寓,协府路10号,1500,80,东南
平桥汽车站对面二室一厅一卫62平米拎包入住出租,2室1厅,平惠小区,平桥北路4号,1000,62,南北
南洲国际 三中 马鞍山小区 两室两厅一卫 租价1500,2室2厅,马鞍山小区林馨佳苑,大龙大道,1500,80,朝北
剑江中路102号住宅楼 1800元月 可合租 四室两厅两卫,4室2厅,剑江中路102号住宅楼,剑江中路102号,1800,228,朝南
学校附近 可开美容院 公司 培训班等 繁华地段 性价比高,5室2厅,兴荣大厦,新华路26号,2800,177,朝东
平桥商品房 2室1厅1卫 800元月 62平 长租可优惠,2室1厅,平桥商品房,平桥南路,800,62,朝南
小十字，女人街，电梯两房，拎包入住！,2室2厅,筑匀大厦,广惠路407号,1400,102,东南
水岸铭门旁边，河西安置房，三室拎包入住！,3室2厅,水岸铭门,西山大道,1600,110,东西
新上！平桥三室电梯，拎包入住,3室2厅,水榭花都,环东北路74号,1100,137,西南
沸城国际   二室一厅新房精装修家具家电齐全拎包入住,2室2厅,榕锐沸城国际,环东北路104号,1600,90,南北
伯爵花园小区   两室两厅精装修家具家电齐全拎包入住,2室2厅,伯爵花园,斗蓬山路12号,1700,90,朝南
大西门中医院附近步梯五楼三室拎包入住！房间宽敞干净！,3室2厅,兴亚培育小区,培育巷2号,1400,138,朝东
时代广场 2室2厅1卫 1500元月 电梯房 87平,2室2厅,时代广场,花园路,1500,87,南北
老火车站 尚城幸福里 两室一厅一卫 新精装修 拎包入住,2室2厅,尚城幸福里,云鹤路,1800,85,南北
城市风景 三室两厅两卫 入住打扫 带空调家具家电齐全拎包入住,3室2厅,城市风景,嘉和路2号,1700,140,朝北
现代城！百闻不如一见！125平方米户型方正献给懂得享受的你,3室2厅,现代城,民族路37号,2200,125,南北
老山可乐旁，三室一厅拎包入住,3室1厅,恒丰普罗旺斯,天乐路,1300,96,朝北
南洲国际 马鞍山小区三室两厅精装房 环境优雅户型通透,3室2厅,马鞍山小区林馨佳苑,大龙大道,1300,114,南北
大十字五月花步梯7楼 近大小十字 中医院 州医院,3室1厅,都匀供电局小区,剑江中路112号,1000,110,朝南
老火车站，尚城幸福里，2室1厅，精装修，家电家具齐全,2室1厅,尚城幸福里,云鹤路,1600,80.2,南北
都匀二小旁 步梯六楼精装 家具家电齐全 市中心位置好,2室1厅,观天下,迎宾路,1000,74,朝南
碧桂园滨江壹号三室两厅 可短租 家具家电齐全 拎包入住,3室2厅,碧桂园滨江一号,西山大道,1400,120,朝南
汇悦新天地 带空调 阳台家具家电齐全 拎包入住 包物业费,2室1厅,汇悦新天地,斗篷山路100号,2000,80,朝北
老火车站 幸福里 精装 两室 1800一个月 随时看房,2室1厅,尚城幸福里,云鹤路,1800,60,南北
平桥转盘（同济医院后面）2楼，两室一厅（拎包入住），,2室1厅,平桥商品房,平桥南路,1000,70,南北
开发区（老山可乐华润小区）三室一厅，精装，家电家具齐全,3室2厅,龙彩花园,兰香巷,1200,120.3,南北
尚城幸福里 精装两房出租  1600月   寻长期租户！,2室2厅,尚城壹品,剑江中路,1600,80,南北
人民广场对面步梯三楼三室两厅一卫 近小十字州医院,3室2厅,温馨花园,剑江大道南段,1300,140,西南
庆云宫 4房出租 租金800元一月,4室2厅,庆云宫电厂小区,庆云宫,800,120,南北
宵夜摊 旁紫竹苑  精装修三房 租1600月！,3室2厅,紫竹苑,剑江大道中段,1600,110,南北
城市风景三室两厅一厨两卫 无家具 低价出租,3室2厅,城市风景,嘉和路2号,1100,120,朝南
出租建贸大厦电梯精装修，家具家电齐全，拎包入住,2室2厅,建贸大厦,平桥北路,1200,100,南北
六小旁边 邮电小区 两室简装 700 实物拍摄 地段好,2室1厅,邮电宿舍,云宫路,700,65,朝南
银河之都三室两厅两卫出租1600,3室2厅,银河之都,民族路36号,1600,132,南北
马鞍山，青云湖旁，三室，可办公,3室2厅,马鞍山小区林馨佳苑,大龙大道,1300,125,东南
伯爵花园小两房出租，交通方便！,2室1厅,伯爵花园,斗蓬山路12号,1200,67.1,朝南
水岸铭门 单间带独立卫生间 600到700每月！,1室0厅,水岸铭门,西山大道,600,30,南北
马鞍山小区，A区精装大两房，家具家电齐全，可拎包入住！,2室2厅,马鞍山小区林馨佳苑,大龙大道,1800,97,东南
开发区伯爵花园(免中介费)酒店式公寓住房出租,1室0厅,伯爵花园,斗蓬山路12号,750,22,南北
文峰家园好房出租正规三室步梯三楼1200一个月,3室2厅,文峰家园,剑江中路36号,1200,105,南北
出租水锦花城三室两厅精装修邻包入住,3室2厅,水锦花城,环城西路36号,1200,100,南北
小围寨菜市场后面城南新家园温馨两室拎包入住！生活方便！,2室1厅,城南新家园,独山路,1000,88,朝东
位于开发区紫竹苑 三室两厅一卫 拎包入住 周边齐全,3室2厅,紫竹苑,剑江大道中段,1600,110,南北
位于老火车站文峰家园步梯房 拎包入住 交通便利,3室1厅,文峰家园,剑江中路36号,1200,105,西南
大十字斜桥 国鼎家电楼上协和星苑三室一厅精装房 环抱式大阳台,3室1厅,协和星苑,剑江中路118号,2000,142,南北
租三小大门旁丽景公寓2室1厅,2室1厅,黔中公寓,协府路10号,900,70,西北
老山可乐民主苑，三室两厅两卫拎包入住,3室2厅,恒丰普罗旺斯,天乐路,1300,130,东南
南州国际文华苑三室两厅两卫出租,3室2厅,南州国际文华苑,大龙大道8号,2300,108,南北
金麒麟 二期 三室二厅 新装修 空房 适合居家及办公,3室2厅,金麒麟,工人路38号,1800,116,东南
剑江中路102号住宅楼 3室1厅1卫 1000元月,3室1厅,剑江中路102号住宅楼,剑江中路102号,1000,120,南北
好房新上 城市风景 简简单单大4室 适合做员工宿舍或办公,3室2厅,城市风景,嘉和路2号,1300,120,朝南
好房新上 剑江半岛 精装修 大3室 生活很方便,3室2厅,剑江半岛,杜鹃湖路,2000,120,朝南
（房主直租）永辉超市旁十字路口公寓,1室0厅,红旗新村,斗篷山路12号,650,15,朝东
黔中公寓 两室一厅一卫出租 拎包入住 有钥匙,2室1厅,黔中公寓,协府路10号,1300,65,南北
三小半坡 三小后门 单身公寓 精装修 家具家电齐全 拎包入住,1室1厅,御庭苑,剑江中路98号,900,41,东北
州医院旁步梯四楼三室拎包入住！市中心生活方便！交通便利！,3室2厅,中大逸峰,文峰路1号,1300,116,朝西
州医院后门 电梯房 剑峰小区 3室2厅2卫 1500元月,3室2厅,剑峰小区,环东中路256号,1500,137,南北
租 州医院后门  电梯房 精装修3室 1800一个月,3室2厅,东坡经典时代,民族路,1800,129,东南
大十字 中寰广场后面 步梯6楼 3室 交通生活方便,3室1厅,中寰广场,剑江大道中段,1000,100,朝南
3室2厅 家电齐全！精装修出租！广惠国际,3室2厅,广惠国际,平桥南路26号,2100,111,南北
东来尚城 2室1厅1卫 800元月 南北通透 80平,2室1厅,东来尚城,东来路,800,80,东南
大西门33栋 3室2厅1卫 800元月 南北通透 90平,3室2厅,大西门33栋,胜利路2号,800,90,朝西
（房主直租）万达广场附近公寓,1室0厅,锦江豪苑,斗篷山路179号,850,25,朝东
碧云苑 3室2厅2卫 1500元月 南北通透 1500平,3室2厅,碧云苑,平桥北路2号,1500,1500,朝北
急租3小旁边两室两厅,2室2厅,黔中公寓,协府路10号,1300,75,南北
伯爵花园 单身公寓小区绿化好周边配套设施齐全,1室1厅,伯爵花园,斗蓬山路12号,1300,45,南北
天源万达广场单身公寓 带卫生间可做饭 交通方便,5室1厅,天源万达时代,斗篷山路,900,15,南北
大十字  一年起租 1500元月 精装修 河景房,1室1厅,临江大厦,河滨路,1500,60,朝西
伯爵花园 单身公寓出租 领包入住 1300,1室1厅,伯爵花园,斗蓬山路12号,1300,38,朝东
新装修急出租！二室一厅一卫 可随时看房,2室1厅,文峰商贸城,剑江中路196号,1000,46,东南
城区腾龙溪苑三房中等装修出租,3室2厅,腾龙溪苑,环城西路47号,2000,121,南北
电信大楼 沁园村 装修得可以 电烤炉都有干干净净的,3室2厅,沁园村小区,剑江大道中段,1800,110,朝南
万达广场天源2013单身公寓出租,1室0厅,天源2013,斗篷山路227号,1100,45,朝南
临江雅苑 3室2厅2卫 1500元月 125平 电梯房,3室2厅,临江雅苑,平桥北路1号,1500,125,南北
（房主直租）州医院旁公寓出租,1室0厅,中大逸峰,文峰路1号,650,15,朝东
（房主直租）西苑旁江城大厦公寓出租,1室0厅,江城,河滨路36号,700,25,朝东
州医院旁(免中介费)中大逸锋单身公寓住房出租,1室0厅,中大逸峰,文峰路1号,650,20,南北
伯爵三室两厅两卫出租  拎包入住  河景房 超大阳台有钥匙,3室2厅,伯爵花园,斗蓬山路12号,1880,135,南北
开发区转盘 消防队后面 步梯房2楼 3室1厅 交通方便,3室1厅,都匀供电局小区,剑江中路112号,1200,93,南北
173路水厂 公交大厦 毛坯三房两厅 七小旁边很方便 路段好,3室2厅,公交馨苑,凤凰路,800,127,南北
（主人直租）大西门江城公寓,1室0厅,江城,河滨路36号,550,10,朝东
水岸铭门酒店式公寓出租，600至700每月，居住环境好,1室0厅,水岸铭门,西山大道,600,20,南北
出租 大十字 电梯房 河景房 精装修1500一年起,1室1厅,临江大厦,河滨路,1500,60,西南
（房主直租）女人街旁公寓出租,1室0厅,银河之都,民族路36号,650,15,朝东
（房主直租）师院附近公寓出租,1室0厅,锦江豪苑,斗篷山路179号,650,15,朝东
民族师苑旁精装修单配带独立卫生间只要900  单人必备,1室1厅,水岸绿洲,斗篷山路189号,900,30,东南
剑峰小区旁 2室1厅1卫 700元月 55平 南北通透,2室1厅,剑峰小区,环东中路256号,700,55,东南
河景房 3室2厅 平桥 京都广场出租,3室2厅,京都广场,平桥北路,1200,110,南北
河边华馨湾2期 精装修拎包入住,3室2厅,华馨湾,伯爵美食街,1700,120,朝东
平桥附近173温泉新城三房精装修,3室2厅,温泉新城,剑江北路,1800,110,朝东
平桥怡盛园小区两室拎包入住！,2室2厅,怡盛园小区,剑江北路16号,1000,90,朝西
万达附近御府湾一室一厅拎包入住！距离万达近！生活便利！,1室1厅,御府湾,绿茵湖大道,1100,50,朝东
沙坝北出口北城财阜一室一厅拎包入住！交通便利！生活方便！,1室1厅,北城财阜,匀杨大道,1200,50,朝东
老火车站旁，单身公寓，拎包入住,1室1厅,临江大厦,河滨路,1200,45,朝北
位于育英巷菜场，四楼，三室一厅,3室1厅,观天下,迎宾路,1500,80,南北
伯爵花园 1室1厅1卫 1100元月 44平 精装修,1室1厅,伯爵花园,斗蓬山路12号,1100,43,朝南
中医院附近西苑伊甸园三室拎包入住！出租！干净漂亮！,3室2厅,西苑伊甸园,西苑广场旁,1400,126,朝南
彩虹桥旁交警支队宿舍步梯四楼三室拎包入住！好停车！,3室1厅,左岸阳光,环城西路,1200,110,朝南
万达对面银湖星城四室拎包入住办公居住均可！,4室2厅,银湖星城,毛尖大道中段,1800,138,朝南
汽车站，水厂，精装三室两厅两卫，拎包入住,3室2厅,鸿安家园,环东北路108号,1800,127,西南
新上找办公室老板们看过来！居住也可！生活便利！,3室2厅,筑匀大厦,广惠路407号,1300,110,朝南
水岸铭门单身公寓出租1500元月长租可谈,1室1厅,水岸铭门,西山大道,1500,41,朝西
黔中公寓  首付出租  精装房三室  直接拎包入住  采光好,3室2厅,黔中公寓,协府路10号,1800,100,南北
云鼎居小区 三室两厅两卫 二楼 清爽,3室2厅,平桥商品房,平桥南路,1200,120,朝东
万达附近龙山豪景三室精装拎包入住！有钥匙随时看房！,3室2厅,龙山豪景,斗篷山路96号,1700,120,朝南
彩虹桥阳光酒店后面宿舍步梯四楼拎包入住！出门就是公交站！,3室1厅,锦隆园,飞燕路20号,800,90,朝南
开发区城市风景三室拎包入住！房屋干净整洁户型好用！,3室2厅,城市风景,嘉和路2号,1800,120,朝西
沙坝北出口北城财埠三室拎包入住！户型好用出租！,3室2厅,北城财阜,匀杨大道,1600,130,朝东
大十字临江大厦单身公寓拎包入住！独门独户！河景房！,1室1厅,临江大厦,河滨路,1200,45,朝西
碧桂园凤凰城四室两厅拎包入住！门口停车免费！,4室2厅,碧桂园凤凰城(都匀),绿茵湖大道,1400,148,朝北
开发区伯爵花园单身公寓出租，可拎包入住,1室1厅,伯爵花园,斗蓬山路12号,1600,45,南北
大十字金海岸带空调3室2厅拎包入住！,3室2厅,金海岸大厦,剑江中路67号,1800,150,东南
平桥 (沸城100) 3室1厅1卫 家电家具 齐全,3室1厅,利恒名苑(沸城100),剑江北路70号,1600,100,南北
环西路上碧桂园滨江一号四室拎包入住！家具家电齐全！拎包入住！,4室2厅,碧桂园滨江一号,西山大道,2000,116,朝南
大西门三小旁两室步梯六楼拎包入住！距离菜场近生活方便！,2室1厅,惠丽佳园,胜利路81号,800,86,朝西
匀东鸿申翡翠城三室拎包入住！小区环境好！,3室2厅,鸿申翡翠城,德远路,1600,113,朝西
东方机床厂宿舍两室一厅一卫出租,2室1厅,东来尚城,东来路,700,70,南北
伯爵花园单身公寓出租1000,1室1厅,伯爵花园,斗蓬山路12号,1000,45,南北
平桥附近  广惠国际   房间干净整洁 拎包入住 岀行方便,2室2厅,广惠国际,平桥南路26号,1300,96,南北
马鞍山靠近三中三室拎包入住！距离菜场近交通便利！,3室2厅,马鞍山小区林馨佳苑,大龙大道,1500,98,朝西
黔中公寓 三室两厅出租 家具齐全 拎包入住！,3室2厅,黔中公寓,协府路10号,1900,100,南北
花园式小区城市风景精装三室拎包入住！小区环境好清净！,3室2厅,城市风景,嘉和路2号,1600,116,朝西
大十字物资大厦两室拎包入住！市中心交通便利！生活方便！,2室1厅,物资大厦,剑江北路38,1300,82,朝东
大西门惠丽佳园步梯三楼三室拎包入住！装修漂亮客厅带空调！,3室2厅,惠丽佳园,胜利路81号,1600,116,朝西
新上！沙坝行政中心汽车商贸城三室精装拎包入住！交通便利！,3室2厅,黔南汽车商贸城,斗篷山路269号,1500,130,朝南
马鞍山靠近青云湖三室适合办公！交通便利！停车费每月50元,3室2厅,马鞍山小区林馨佳苑,大龙大道,1300,126,朝西
西山安置房，出租三室两厅一卫，办公商住两用,3室2厅,西山新苑,民族路1号,1200,120,东南
大十字一室一厅公寓出租，交通便利环境好,1室1厅,临江大厦,河滨路,1000,35,朝东
万达附近汇悦新天地两室拎包入住！楼下就是公交站台！交通便利！,2室1厅,汇悦新天地,斗篷山路100号,1600,86,朝西
开发区消防附近大三室拎包入住！房间宽大舒服停车方便！,3室2厅,锦隆园,飞燕路20号,1000,120,朝东
大西门中医院后面电信巷三室拎包入住！步梯三楼！市中心上班近,3室2厅,电信小区,河滨路,1200,110,朝南
东山隧道旁东山学苑两室拎包入住！房屋干净整洁.交通便利！,2室2厅,东山学苑,广惠路66号,1300,88,朝西
长虹桥长江花园三室两厅一卫出租,3室2厅,长江花园,剑江大道中段,800,97,南北
万代广场旁 汇悦新天地 精装两房，家具全带户型好采带无人扫地,2室2厅,汇悦新天地,斗篷山路100号,1600,85,西南
彩虹桥，长江花园旁，三室一厅一卫，家电家具齐全,3室1厅,长江花园,剑江大道中段,1000,105.6,南北
马鞍山小区三室拎包入住！装修漂亮干净！出租！停车费50元,3室2厅,马鞍山小区林馨佳苑,大龙大道,1800,126,朝南
州医院后门文化小区两室拎包入住！距离医院菜场商场都近,2室1厅,文化小区,振华路,1300,90,朝东
万达对面七星安置小区三室两厅简单装修适合做员工宿舍！,3室2厅,银湖星城,毛尖大道中段,1200,104,朝东
育英巷后面步梯二楼三室拎包入住！楼下就是菜场！生活方便！,3室1厅,观天下,迎宾路,1000,90,朝北
新上，找办公室老板看过来,3室1厅,物资大厦,剑江北路38,1200,100,东南
花园小区单身公寓家电家具齐全拎包入住,1室1厅,伯爵花园,斗蓬山路12号,1300,40,南北
河滨小区 精装修新家电 三室两厅两卫 1200元,3室2厅,食汇街河滨小区,食汇街30号,1000,85,朝东
剑江半岛 3室2厅2卫 2200元月 南北通透 电梯房,3室2厅,剑江半岛,杜鹃湖路,2200,110,东北
南洲国际 马鞍山小区A8栋 三中学校旁边  四室两厅适合办公,3室2厅,南州国际文华苑,大龙大道8号,1700,110,朝南
173新天地   三室两厅 精装修  家具家电齐全 拎包入住,3室2厅,173新天地,210国道,1600,120,朝南
实验三小附近 剑江半岛 3室2厅2卫 2200元月,3室2厅,剑江半岛,杜鹃湖路,2200,110,南北
东山学苑电梯2室，采光好，租金低出租，错过拍大腿,2室1厅,东山学苑,广惠路66号,1000,91,南北
师院电信大楼 附近  三室一厅精装修家具家电齐全拎包入住,3室1厅,天源大厦,斗篷山路,1500,110,南北
云宫花城   三室两厅精装修  家具家电齐全拎包入住,3室2厅,云宫花城,云宫路,1300,110,南北
老山可乐  菜市场2楼  两室一厅家具家电齐全拎包入住,2室1厅,紫竹苑,剑江大道中段,900,70,朝南
西苑 彩虹桥头  步梯5楼 双空调三室精装 拎包入住,3室2厅,食汇街河滨小区,食汇街30号,1000,84,南北
伯爵花园精装修  单身公寓出租  空调家具家电齐全拎包入住,1室1厅,伯爵花园,斗蓬山路12号,1500,45,朝南
鸿安家园精装修，实拍照片，干净清爽，寻找高质量顾客，爱卫生！,3室2厅,鸿安家园,环东北路108号,1800,128,朝南
南洲国际马鞍山小区A区  两室两厅精装修家具家电齐全拎包入住,2室1厅,马鞍山小区林馨佳苑,大龙大道,1400,90,朝南
碧桂园滨江一号   三室两厅精装修  基本家具办公居家都可以,4室2厅,碧桂园滨江一号,西山大道,1800,126,朝南
西山大桥旁二室二厅拎包入住,2室2厅,西山新苑,民族路1号,1600,90,朝西
万达广场后面帝景豪园精装修未住过 办公商位两用价格还便宜,3室2厅,帝景豪园,贵和路2号,1800,162,南北
开发区彩虹桥大转盘旁东升公寓精装修中楼层3房2厅一卫拎包入住,3室2厅,东升公寓住宅楼,斗篷山路,1000,113,南北
伯爵旁边沁园村一室一厅一卫出租,1室1厅,沁园村小区,剑江大道中段,1500,53,朝南
银湖新城   四室两厅165平米中等装修有部分家具电器,4室2厅,银湖星城,毛尖大道中段,1800,165,朝南
南洲国际 马鞍山小区 两室两厅 精致装修家具家电齐全,2室2厅,南州国际文华苑,大龙大道8号,1600,90,南北
中医院对面三小旁  黔中公寓  三室两厅新房精装修家电齐全,3室2厅,黔中公寓,协府路10号,1900,106,南北
碧桂园滨江一号   四室两厅精装修  家具家电齐全拎包入住,4室2厅,碧桂园滨江一号,西山大道,1800,130,朝南
老山可乐夜市街全欣大厦 3室2厅2卫 1600元月 精装修,3室2厅,全欣大厦,天乐路10号,1600,107,西南
黔中公寓三房两厅一卫精装修好房出租,3室2厅,黔中公寓,协府路10号,1800,103,朝南
枣园小区 5室2厅2卫 2000元月 南北通透 电梯房,5室2厅,枣园小区,斗篷山路76号,2000,199,南北
伯爵花园附近   供电局对面 电梯房三室两厅精装修拎包入住,3室2厅,伯爵花园,斗蓬山路12号,1500,130,南北
开发区(免中介费)伯爵花园单身公寓住房出租,1室1厅,伯爵花园,斗蓬山路12号,1100,28,南北
南洲国际 马鞍山小区四居室  新装修没有家具适合办公,4室2厅,马鞍山小区林馨佳苑,大龙大道,2100,140,朝南
马鞍山小区  二室一厅，拎包入住，,2室1厅,马鞍山小区林馨佳苑,大龙大道,1200,90,东南
庆云宫 3室2厅1卫简装 租金800,3室2厅,庆云宫电厂小区,庆云宫,800,90,朝南
小十字 鹏达大厦 单间出租 月租500,4室2厅,鹏达大厦,民族路,500,116,南北
南洲国际  马鞍山小区两室两厅精装修家具家电齐全拎包入住,3室2厅,南州国际文华苑,大龙大道8号,1800,120,南北
伯爵金色城邦  一室一厅一卫 精装修拎包入住,1室1厅,黎筑金色城邦,龙山大道44号,1400,50,南北
伯爵金色城邦  单身公寓出租 精致装修 家具家电齐全拎包入住,1室1厅,黎筑金色城邦,龙山大道44号,1300,45,南北
金海岸大厦 3室2厅2卫 2500元月 电梯房 158平,3室2厅,金海岸大厦,剑江中路67号,2500,158,西南
华欣大厦  三室两厅两卫 可用于美容  办公 多用,3室2厅,华欣大厦,广惠路438号,2000,148,南北
平桥广惠国际大厦   两室一厅中等装修家具家电齐全拎包入住,2室1厅,广惠国际,平桥南路26号,1500,87,朝南
紫竹苑小区  三室两厅新房  精装修家具家电齐全拎包入住,3室2厅,紫竹苑,剑江大道中段,1600,120,南北
马鞍山二室一厅一卫，拎包入住停车费50一月,2室1厅,马鞍山小区林馨佳苑,大龙大道,1600,90,东南
剑江半岛 新房第一次出租 全新家具家电 随时看房,3室2厅,剑江半岛,杜鹃湖路,2200,110,朝北
利恒名苑(沸城100) 3室2厅2卫 2000元月,3室2厅,利恒名苑(沸城100),剑江北路70号,2000,127,朝东
急租大十字三室两厅一卫,3室1厅,中寰广场,剑江大道中段,800,100,南北
出租水岸铭门 单身公寓 拎包入住 900每月！,1室0厅,水岸铭门,西山大道,900,30,南北
久达新村 消防大队 彩虹桥 3室1厅1卫 900元月 80平,3室1厅,久达新村,飞燕路14号,800,80,南北
华欣大厦 3室2厅2卫 2000元月 精装修 电梯房,3室2厅,华欣大厦,广惠路438号,2000,150,朝北
出租水岸铭门 单身公寓 拎包入住 1000每月！,1室0厅,水岸铭门,西山大道,1000,30,南北
水岸铭门  对面安置房  精装修  拎包入住,3室2厅,水岸铭门,西山大道,1500,100,南北
育英巷楼上 3室1厅1卫 1000元月 78平 南北通透,3室1厅,观天下,迎宾路,1000,78,朝南
900元一月 一年起平惠市场旁  步梯4楼 3室2厅1卫,3室2厅,平惠小区,平桥北路4号,1000,110,东西
173匀山越 全新装修好 家具全新 只等你拎包入住,2室1厅,匀山樾,剑江北路120号,1500,70,朝西
州医院旁边，州公安宿舍,3室1厅,二小宿舍,迎宾路21号,1200,86,朝南
彩虹桥附近锦隆苑小区步梯三楼拎包入住,2室2厅,锦隆园,飞燕路20号,800,88,朝南
金麒麟附近 2室1厅1卫 1000元月 南北通透 67平,2室1厅,金麒麟,工人路38号,1000,67,朝北
烽景苑 2室1厅1卫 1000元月 89平 南北通透,2室1厅,烽景苑,环东巷10号,1000,89.5,南北
北城财阜 1室1厅1卫 1200元月 南北通透 精装修,1室1厅,北城财阜,匀杨大道,1200,55,南北
大十字物资大厦电梯两房出租 楼下就是五月花酒店，住房干净整洁,2室2厅,物资大厦,剑江北路38,1300,82,朝东
急租 剑锋小区电梯 精装3室2厅2卫 1500月 拎包入住,3室2厅,剑锋小区瑞林苑,振华路,1500,137,西南
大十字，锦绣大厦，三室一厅两卫，家电家具齐全,3室1厅,锦绣大厦,协府路15号,1300,130.5,南北
开发区伯爵花园单身公寓住房出租,1室0厅,伯爵花园,斗蓬山路12号,850,28,南北
大十字 小十字白子桥 国鼎家电楼上 办公三房出租,3室2厅,协和星苑,剑江中路118号,1800,120,朝南
出租 全欣大厦 电梯3室2厅2卫 108平 1700月,3室2厅,全欣大厦,天乐路10号,1500,108,东南
鸿安家园三室两厅两卫精装修出租,3室2厅,鸿安家园,环东北路108号,1800,143,朝南
伯爵对面 旺福大厦 复式楼 5楼 2200月 精装修,4室2厅,伯爵花园,斗蓬山路12号,2200,192,南北
文化小区 4室2厅2卫 2000元月1 电梯房 南北通透,4室2厅,文化小区,振华路,2000,153,西南
文峰家园 2室1厅1卫 800元月 76平 南北通透,2室1厅,文峰家园,剑江中路36号,800,76,南北
龙山豪景 3室2厅1卫 1800元月 电梯房 精装修,3室2厅,龙山豪景,斗篷山路96号,1800,90,南北
老山可乐路口房屋出租。长租价格可议,2室2厅,三和大厦,斗篷山路83号,700,78,西北
尚城壹品新装修2房，知名头等舱沙发花园小区，停车方便，,2室2厅,尚城壹品,剑江中路,1600,78,朝南
碧桂园滨江一号 五室两厅 月租2000,5室2厅,碧桂园滨江一号,西山大道,2000,136,南北
帝景豪园 3室2厅2卫 2000元月 南北通透 电梯房,3室2厅,帝景豪园,贵和路2号,2000,130,南北
急租 波斯湾旁  简装3室1厅1卫 1300月 拎包入住,3室1厅,建业大厦,滨路56号,1300,90,朝南
黔中公寓，二室一厅，停车方便,2室1厅,黔中公寓,协府路10号,1200,80,朝南
银湖新城对面七星城两室一厅一卫出租,2室1厅,银湖新城,毛尖大道中段,1300,80,朝南
读三中，南州国际文华苑，精装三房，领包入住，,3室2厅,南州国际文华苑,大龙大道8号,2000,118,南北
银河之都三室两厅两卫适合办公培训,3室2厅,银河之都,民族路36号,1400,170,朝北
三小教育局旁步梯房 3室2厅2卫 简单装修附近就是三小中医院,3室2厅,御庭苑,剑江中路98号,1500,130,朝南
庆云宫，蒙家桥 ，两居室，精装即可拎包入住。,2室1厅,东江小区,剑江南路2号,600,60,东南
御府湾一室 两室房屋出租 家电家具齐全拎包入住,2室1厅,御府湾,绿茵湖大道,1400,50,朝北
碧桂园滨江一号三室两厅一卫出租,4室2厅,碧桂园滨江一号,西山大道,1500,116,朝南
文峰家园门口 步梯5楼  3室2厅  拎包入住,3室2厅,文峰家园,剑江中路36号,1200,88,东南
州医院后门  拎包入住  三室两厅  东坡,3室2厅,剑峰小区,环东中路256号,1600,137,南北
金鹏花园 3室2厅2卫 1500元月 电梯房 121平,3室2厅,金鹏花园,广惠路270号,1500,121,南北
平惠小区 2室2厅1卫 1000元月 南北通透 100平,2室2厅,平惠小区,平桥北路4号,1000,100,西北
173温泉新城，三室两厅两卫，拎包入住！,3室2厅,温泉新城,剑江北路,1300,130,东南
水岸绿洲 公寓式 单间带一卫 一年起租,1室0厅,水岸绿洲,斗篷山路189号,900,30,朝南
蒙家桥中国银行旁边复式楼出租,5室2厅,三亚湾大厦,剑江中路27号,1800,160,朝南
小围寨虹光小区三房两厅,3室2厅,虹光小区,南苑路,850,100,南北
沙坝民中四一四旁镜湖花园三室拎包入住！,3室2厅,镜湖花园,七星路24号,1200,98,朝西
大十字金海岸宽敞三室拎包入住！客厅厨房宽敞户型好住宿好办公,3室2厅,金海岸大厦,剑江中路67号,1800,126,朝西
伯爵花园 1室1厅1卫 1500元月 精装修 40平,1室1厅,伯爵花园,斗蓬山路12号,1500,40,朝南
城市风景三室两厅出租,3室2厅,嘉和城市风景,嘉和路2号,1000,118.3,朝北
金源大厦临街，办公居住均可。,3室2厅,金源大厦,剑江中路45号,2300,135,朝东
三和花园 3室2厅1卫 1300元月 90平 南北通透,3室2厅,三和花园,斗篷山路,1300,90,南北
新都汇 水锦花城 3室1厅1卫 家电家具齐全,3室1厅,水锦花城,环城西路36号,1500,130.5,南北
伯爵花园 二室一厅 1500月,2室1厅,伯爵花园,斗蓬山路12号,1500,67,朝南
平桥 建贸大厦 电梯房 2室2厅1卫 1000元月,2室2厅,建贸大厦,平桥北路,1000,100.3,南北
西苑三室两厅两卫出租,3室2厅,西苑大厦,斗篷山路28号,1500,135,南北
大十字 锦绣大厦 3室2厅1卫 1500元月 140平,3室2厅,锦绣大厦,协府路15号,1500,140.8,南北
平惠小区 3室2厅1卫 900元月 90平,3室2厅,平惠小区,平桥北路4号,900,90,东南
老火车站（文峰家园旁）两室一厅一厨一卫，精装，家电家具齐全,2室1厅,文峰家园,剑江中路36号,1000,80,南北
慧谷峰林，两室两厅新装修拎包入住,2室2厅,慧谷枫林,环东中路258号,1300,94.5,南北
中医院旁大十字金座三室精装拎包入住！上班方便！生活便利！,3室2厅,都市金座,剑江中路71号,2000,126,朝北
开发区 老山可乐 永辉超市对面伯爵花园精装三房便宜出租,3室2厅,伯爵花园,斗蓬山路12号,2100,130,朝东
中医院旁边电信小区2室便宜出租,2室2厅,电信小区,河滨路,800,75,朝南
急租中医院旁边两室两厅,2室1厅,电信小区,河滨路,900,80,南北
大十字旁酒店式公寓，带独立卫生间，有个大落地窗（房主直租）,1室0厅,中鑫大厦,工人路6号,700,25,东南
万达，伯爵单身公寓，精装修，带空调,1室1厅,伯爵花园,斗蓬山路12号,1600,58.1,南北
大十字中鑫大厦单间住房出租,1室0厅,中鑫大厦,工人路6号,550,18,南北
水岸绿州单间出租，干净，面积小好打扫卫生,1室0厅,水岸绿洲,斗篷山路189号,900,30,朝南
平惠小区 3室2厅1卫 900元月 90平 南北通透,3室2厅,平惠小区,平桥北路4号,900,90,南北
伯爵花园公寓有厨房，独立卫生间，采光通风好（房主直租）,1室0厅,伯爵花园,斗蓬山路12号,1000,28,朝西
城市风景 出租 家具家电齐全 拎包入住 送入住全屋打扫,2室2厅,嘉和城市风景,嘉和路2号,1700,90,朝北
红星小区 三室一厅 多套房源 欢迎咨询,3室1厅,振华红星小区,七星路71号,600,89,朝南
大十字旁酒店式公寓有厨房，房子位于市中心交通便利（房主直租）,1室0厅,中鑫大厦,工人路6号,780,20,朝西
大十字旁酒店式公寓长租可以优惠（免中介费）,1室0厅,中鑫大厦,工人路6号,600,25,朝东
万达广场附近酒店式公寓，有个飘窗采光好，（房主直租）,1室0厅,黔南汽车商贸城,斗篷山路269号,680,18,朝东
办公手选 三室两厅两卫 电梯低楼层 带大院坝 1500每月！,3室2厅,红叶小区,绿茵湖大道中段,1500,120,南北
沁园村单身公寓 电梯高层 带飘窗 家具家电齐全 拎包入住,1室1厅,沁园村小区,剑江大道中段,1200,55,朝南
平桥414医院对面公寓有厨房，独立卫生间长租可优（房主直租）,1室0厅,西苑大厦,斗篷山路28号,650,20,东南
平惠小区步梯低层 带空调 家具家电齐全,3室2厅,平惠小区,平桥北路4号,1000,100,朝北
伯爵花园单身公寓 低价出租 家具家电齐全 拎包入住,1室1厅,伯爵花园,斗蓬山路12号,1050,40,朝北
新上！万达附近 大四房 带地暖 干干净净的,4室2厅,锦江豪苑,斗篷山路179号,2300,200,朝南
普罗旺斯边上名主苑房屋宽大，小区有停车位,3室2厅,恒丰普罗旺斯,天乐路,1350,130,东南
费城100单身公寓 家具家电齐全 拎包入住,1室1厅,利恒名苑(沸城100),剑江北路70号,1100,50,朝北
云宫化成三室两厅两卫精装修出租,3室2厅,云宫花城,云宫路,1400,106,朝南
金鹏花园 两室一厅一卫生活方便,2室1厅,金鹏花园,广惠路270号,1200,81,东南
伯爵花园单身公寓 家具家电齐全 拎包入住,1室1厅,伯爵花园,斗蓬山路12号,1500,45,朝北
汇悦新天地 四房 还有三间待租 九百到一千一,4室2厅,汇悦新天地,斗篷山路100号,900,30,朝北
彩虹桥头长江花园，交通便利带小区绿，物业费低,2室2厅,长江花园,剑江大道中段,1500,96,朝东
东山学苑 2室1厅1卫 1000元月 91平 电梯房,2室1厅,东山学苑,广惠路66号,1000,91,南北
帝景豪园单间出租，阳光房，大床房，阳台房。,5室1厅,帝景豪园,贵和路2号,1000,50,朝北
大十字（金海岸旁）三室一厅，精装，家电，家具齐全,3室1厅,金海岸大厦,剑江中路67号,900,109.5,南北
庆云宫河边步梯四楼三室两厅近南洲国际,3室2厅,庆云宫电厂小区,庆云宫,1300,120,朝北
小十字  裤裆街 辣子巷2室2厅1卫 900元月 80平,2室2厅,海文大厦,新华路2号,900,80,南北
万达对面幸福里三室两厅两卫一厨120平1300元每月整租,3室2厅,尚城幸福里,云鹤路,1300,120,南北
平桥汽车站对面 东方小区 2室1厅1卫 800元月,2室1厅,中房小区,平桥北路27号,800,70,朝西
剑江中路102号办公楼 5室1厅2卫 6000元月,5室1厅,剑江中路102号住宅楼,剑江中路102号,6000,280,南北
沙坝幸福里 电梯低层 家具家电齐全 拎包入住,3室2厅,鼎源幸福里,七星路9号,1600,91,朝北
费城100，单间带1大阳台1卫,1室0厅,水榭花都,环东北路74号,800,30,朝北
新火车站 2室1厅1卫 1100元月  精装修,2室1厅,聚林世纪城,剑江南路181号,1100,90,朝南
金澜湾 2室1厅1卫 1800元月 南北通透 电梯房,2室1厅,金澜湾,甲茶路,1800,70,朝东
文锋公园十字路口桥头红绿灯门面出租不收取中介费用,1室1厅,协和星苑,剑江中路118号,3000,60,朝东
人民广场女人街两室两厅一卫一厨整租,2室2厅,培育大厦,培育巷1号,1400,90,朝东
黔中公寓3房2厅拎包入住（接送看房）,3室2厅,黔中公寓,协府路10号,1600,103,东西
大十字财政局宿舍 步梯铂金楼层 月租仅1000元月 手慢无,2室2厅,都匀供电局小区,剑江中路112号,1000,98,南北
平桥汽车总站对面物资大厦公寓(免中介费),1室0厅,物资大厦,剑江北路38,680,28,朝东
黔中大厦 3室2厅1卫 精装修 拎包入住,3室2厅,黔中公寓,协府路10号,1650,103,南北
标准3室 价格从优 机会不等人  点击进入,3室2厅,长江花园,剑江大道中段,1200,112,南北
房东自住型装修，实拍照片，实地拍摄，干净清爽，随时来电看房！,3室2厅,帝景豪园,贵和路2号,2000,120,南北
七小旁边 公路局宿舍 两房出租！,2室2厅,剑北小区,剑江北路,800,72,朝东
福鑫园入户平台花园实际上只用上三楼就到 两房一厅对面就是八小,2室1厅,福鑫园,天池路,900,56,南北
万达旁酒店式公寓（免中介费）,1室0厅,黔南汽车商贸城,斗篷山路269号,680,18,朝东
怡盛园小区 三室两厅两卫出租 拎包入住！,3室2厅,怡盛园小区,剑江北路16号,2000,137,南北
大十字中心地段，好房出租,3室2厅,协和星苑,剑江中路118号,2000,150,朝南
开发区，城市风景小区，三室两厅一厨一卫，精装，家电家具齐全,3室2厅,城市风景,嘉和路2号,2200,140.5,南北
大十字（天桥旁）三室一厅，精装，家电家具齐全,3室1厅,中粮大厦,工人路3号,1200,108.5,南北
银河之都 3室1厅2卫 1700元月 南北通透 电梯房,3室1厅,银河之都,民族路36号,1700,136.2,南北
现代城 3室2厅2卫 2200元月 125平 南北通透,3室2厅,现代城,民族路37号,2200,125,南北
万达楼上两室一厅一卫出租家电家具齐全拎包入住,2室1厅,天源万达时代,斗篷山路,2000,90,朝南
开发区金色城邦（伯爵花园旁）精装小三室 仅租1300月速来,3室1厅,黎筑金色城邦,龙山大道44号,1300,77,南北
平桥汽车站后门，两室一厅，精装，家电家具齐全,2室1厅,云都广场,剑江北路81号,1100,90.8,南北
新都汇后面 环西公寓 三房出租 价格可议！,3室2厅,西山新苑,民族路1号,900,93,朝东
碧桂园滨江一号精装四房 仅租2000元月 高层景观大阳台,4室2厅,碧桂园滨江一号,西山大道,1800,137,南北
平桥（烽景苑）两室一厅，精装，家电家具齐全,2室1厅,烽景苑,环东巷10号,900,85.3,南北
平桥（水榭花都）三室两厅一厨一卫，精装，家电家具齐全,3室2厅,水榭花都,环东北路74号,1500,90.5,南北
出租大西门黔中公寓 三室两厅一卫 拎包入住 采光好,3室2厅,黔中公寓,协府路10号,1700,100,西南
东山怡景 2室1厅1卫 650元月 南北通透 80平,2室1厅,东山怡景,协府路28号,650,80,南北
城市风景四房南北通透1800一个月,4室2厅,城市风景,嘉和路2号,1800,160,朝东
大十字（金源大厦）三室一厅两卫，精装，家电家具齐全,3室1厅,金源大厦,剑江中路45号,2200,160.5,南北
一零四地质队宿舍 两房出租 价格可以少！,2室2厅,一零四地质队宿舍,蟒山路5号,700,60,朝东
彩虹桥转盘（交警支队宿舍）三室两厅两卫，精装，家电家具齐全,3室2厅,长江花园,剑江大道中段,1200,152.2,南北
庆云宫（电厂小区）两室一厅，精装，家电家具齐全,2室1厅,庆云宫电厂小区,庆云宫,900,65.2,南北
永辉超市楼上普罗旺斯差的家电可以配齐精装三室1900一个月,3室2厅,恒丰普罗旺斯,天乐路,1900,105,南北
水岸绿洲 1室0厅1卫 900元月 精装修 看房方便,1室0厅,水岸绿洲,斗篷山路189号,900,35,朝南
中建花园，三房两厅一厨一卫,3室2厅,中建花园,剑江大道中段,1100,115,西南
幸福里11小后面，铁路三角线两房出租800元月,2室1厅,尚城幸福里,云鹤路,800,60,南北
黑桥头步梯2楼 楼层低 出行方便 生活便利 房屋干净,2室1厅,汽运公司宿舍,剑江北路61号,1000,75,西北
蒙家桥南沙洲 2室2厅1卫 800元月 64平 南北通透,2室2厅,三亚湾大厦,剑江中路27号,800,64,南北
伯爵花园 1室1厅1卫 1000元月 33平 南北通透,1室1厅,伯爵花园,斗蓬山路12号,1000,33,南北
出租 开发区华福居 两室两厅一卫 精装修 拎包入住！,2室2厅,华地福居,斗篷山路187号,1400,100,南北
出租位于云宫花城 1600月 三室一厅两卫 采光好,3室1厅,云宫花城,云宫路,1600,108,西南
近州医院小十字步梯4楼一室一厅一厨一卫出租,1室1厅,海文大厦,新华路2号,800,55,朝南
城南新家园 电梯四室 精装修第一次出租 拎包入住,4室2厅,城南新家园,独山路,1800,148,南北
平惠小区，菜场楼上，三室两厅一卫一厨整租,3室2厅,平惠小区,平桥北路4号,950,100,朝南
腾龙溪苑三室两厅两卫出租,3室2厅,腾龙溪苑,环城西路47号,1900,121,朝北
天源2013三房出租，适合办公，培训,3室2厅,天源2013,斗篷山路227号,1500,126,朝东
现代城 精装修 二室二厅 拎包入住,2室2厅,现代城,民族路37号,2100,94,东南
海文大厦 1室1厅1卫 800元月 60平 电梯房,1室1厅,海文大厦,新华路2号,800,60,南北
三街东山怡景3室2厅1卫103平米电梯房11楼拎包入住出租,3室2厅,东山怡景,协府路28号,1500,103,东南
女人街两室两厅一厨一卫，市中心位置，太方便了！,2室2厅,筑匀大厦,广惠路407号,1500,100,朝南
万达附近，两室一厅 拎包入住，1400一个月,2室2厅,华帝福居,斗篷山路187号,1400,97,南北
东山怡景 3室1厅1卫 适合办公,3室1厅,东山怡景,协府路28号,1700,110,东西
银河之都 3室2厅1卫 1400元月 140平 南北通透,3室2厅,银河之都,民族路36号,1400,140,东南
碧桂园滨江一号 整租可办公 午托班周边三小 一幼,7室4厅,碧桂园滨江一号,西山大道,12000,198,南北
蒙家桥公交站南沙洲路口 2室1厅1卫 800元月 64平,2室1厅,文峰家园,剑江中路36号,800,64,南北
173新天地单身公寓出租1500,1室1厅,173新天地,210国道,1500,48,南北
沙坝行政中心附近商用楼600平米办公楼出租！适合做养生培训,10室4厅,黔南汽车商贸城,斗篷山路269号,4500,600,朝东
五月花后面供电局两室一厅一卫出租800,2室1厅,临江大厦,河滨路,800,69,南北
急租173新天地单身公寓,1室1厅,173新天地,210国道,1600,60,南北
173新天地，三房，领包入住，楼下就是公交站台,3室2厅,173新天地,210国道,1200,138,南北
彩虹桥头  公路局宿舍 两室一厅，低楼层 1200押一付三,2室1厅,京都广场,平桥北路,1200,50,朝南
大会场对面银河之都三室两厅两卫出租2000,3室2厅,银河之都,民族路36号,2000,150,南北
金海岸对面（五交化小区）三室一厅一卫精装家电家具齐全,3室1厅,金海岸大厦,剑江中路67号,1500,110,南北
南州国际 三中旁 电梯房简单装修 2室 停车费50月,2室2厅,马鞍山小区林馨佳苑,大龙大道,1300,92,朝南
平惠小区 2室1厅1卫 800元月 83平 南北通透,2室1厅,平惠小区,平桥北路4号,800,83,南北
幸福里旁镜湖花园3室1厅1卫 1200元月 95平,3室1厅,镜湖花园,七星路24号,1200,95.4,东南
大十字近中医院附近电梯房主卧出租,3室2厅,金海岸大厦,剑江中路67号,700,20,南北
时代广场 3室1厅1卫 900元月 南北通透 105平,3室1厅,时代广场,花园路,900,105,朝南
三小附近3室1厅1卫 1000元月 80平,3室1厅,惠丽佳园,胜利路81号,1000,80,东西
水岸绿洲 5室1厅1卫 500元月 电梯房 25平,5室1厅,水岸绿洲,斗篷山路189号,500,25,朝西
东坡经典时代 电梯房 采光好,2室1厅,东坡经典时代,民族路,1400,70,东北
近中医院大西门天桥旁步梯五楼三室一厅低价出租。,3室2厅,大西门33栋,胜利路2号,800,80,朝北
老火车站尚城壹品公寓，带厨房独立卫生间，采光好(房主直租),1室0厅,尚城壹品,剑江中路,850,25,朝西
现代城 3室2厅2卫 2200元月 125平 精装修,3室2厅,现代城,民族路37号,2200,125,朝西
平惠小区 3室2厅1卫 900元月 南北通透 110平,3室2厅,平惠小区,平桥北路4号,900,110,南北
全欣大厦 3室2厅2卫 1700元月 精装修 108平,3室2厅,全欣大厦,天乐路10号,1700,108,西南
新火车站旁边4室2厅2卫 1400元月 电梯房,4室2厅,聚林世纪城,剑江南路181号,1400,123,南北
租开发区城市风景 温馨精装四房两厅两卫 拎包入住 随时看房,4室2厅,嘉和城市风景,嘉和路2号,1900,130,南北
水岸名门对面 雷钵寨安置房 三室新装修 拎包入住 家具家电齐,3室2厅,水岸铭门,西山大道,1500,110,朝西
桃溪园两室两厅一卫出租,2室2厅,桃溪园,龙山大道171号,1500,90,朝南
大十字百子桥附近两室一厅步梯楼,2室1厅,协和星苑,剑江中路118号,700,70,朝西
七街新华路西巷 2室1厅1卫 1200元月 南北通透,2室1厅,新华路工商银行宿舍,新华路103号,1200,80,南北
大十字旁尚城壹品公寓（免中介费）,1室0厅,尚城壹品,剑江中路,850,28,朝西
万达对面 银湖星城 单独单间出租,6室1厅,银湖星城,毛尖大道中段,600,30,朝南
老山可乐民生医院后面民房三室一厅一卫一厨950押一付三,3室1厅,恒丰普罗旺斯,天乐路,950,100,朝南
3室2厅1卫 1000元月 110平,3室2厅,平惠小区,平桥北路4号,1000,110,南北
红星小区步梯五楼三室一厅低价出租近万达,3室1厅,振华红星小区,七星路71号,750,70,朝北
桃溪园精装三室两厅一卫出租,3室2厅,桃溪园,龙山大道171号,1800,110,朝南
开发区转盘 派出所旁边 四室两厅才租1000.,4室2厅,虹桥苑,江北路172号,1000,110,朝东
平桥步梯三室两厅两出租图片实拍拎包入住,3室2厅,云都广场,剑江北路81号,1000,100,南北
出租 水岸铭门单身公寓 精装修 拎包入住 900每月,1室0厅,水岸铭门,西山大道,900,25,南北
马鞍山小区，三中隔壁，精装2室，家具家电齐全，可拎包入住！！,2室2厅,马鞍山小区林馨佳苑,大龙大道,1800,92,东南
东山怡景 4室2厅2卫 1600元月 精装修 电梯房,4室2厅,东山怡景,协府路28号,1600,113,朝东
老山可乐 房子干干净净的 步梯房5楼,3室2厅,龙彩花园,兰香巷,1200,110,朝东
老火车站三仓库建行楼上2室1厅1卫 租金1000,2室1厅,文峰商贸城,剑江中路196号,1000,46,朝南
金海岸大厦 3室1厅1卫 900元月 南北通透 76平,3室1厅,金海岸大厦,剑江中路67号,900,76,西北
华欣大厦 办公方便 大十字中心配套成熟,3室2厅,华欣大厦,广惠路438号,2000,160,朝南
嘉和城市风景 3室2厅2卫 1500元月 133平,3室2厅,嘉和城市风景,嘉和路2号,1500,133,朝东
中房小区 2室1厅1卫 800元月 65平 南北通透,2室1厅,中房小区,平桥北路27号,800,65,南北
金海岸大厦 电梯两房 1400 看房方便,2室2厅,金海岸大厦,剑江中路67号,1400,109,朝南
出租 南洲国际 单间带独立卫生间 700到1080,1室0厅,文化小区,振华路,800,40,南北
临江大厦 2室1厅1卫 1600元月 110平 电梯房,2室1厅,临江大厦,河滨路,1600,110,西北
普罗旺斯旁边 伯爵对面 3室2厅 拎包入住 华唱楼上,3室2厅,全欣大厦,天乐路10号,1500,107,东南
消防大队旁边   久达新村3室1厅  拎包入住,3室1厅,久达新村,飞燕路14号,800,80,朝北
龙潭酒店旁   庆云宫电子宿舍,3室2厅,庆云宫电厂小区,庆云宫,800,90.1,东西
灵智广场大转盘附近  机床厂宿舍  没有物业费，停车费。,2室1厅,机床厂宿舍,斗篷山路,500,64,西北
大十字旁中鑫大厦公寓，小区房，电梯房(房主直租),1室0厅,中鑫大厦,工人路6号,600,18,朝西
好房出租 新火车站 靠路边 办公居住均可,3室2厅,聚林世纪城,剑江南路181号,1300,117,朝南
京都广场 三房 整租 合租 均可 低至付二压一,3室2厅,京都广场,平桥北路,1300,108,南北
可停车急租彩虹桥碧云苑三室两厅,3室2厅,碧云苑,平桥北路2号,1400,120,东北
中医院旁边三房低层1000月，随时看房,3室1厅,电信小区,河滨路,1000,92,南北
人民广场旁边低层2室，1000月，随时看房,2室1厅,银河之都,民族路36号,1000,70,南北
文峰家园旁精装3房出租，俯瞰南沙洲公园，视线非常好，,3室2厅,文峰家园,剑江中路36号,2000,126,朝北
彩虹桥附近三室两厅两卫出租 1400,3室2厅,碧云苑,平桥北路2号,1400,119,南北
交警支队旁  七小对面 阳光酒店旁边  久达新村,3室1厅,久达新村,飞燕路14号,800,80,东西
144平做工作室 住都方便1800,3室2厅,沁园村小区,剑江大道中段,2500,141,朝南
建业大厦出租  适合办公,2室2厅,建业大厦,滨路56号,1200,100,南北
老火车站时代广场两室两厅精装家电家具齐全,2室2厅,时代广场,花园路,1500,90,南北
州医院后门，电梯精装修 单间带卫生间厨房，仅700到1080,1室0厅,文化小区,振华路,700,15,南北
老山可乐 伯爵花园对面 复式楼大5室,5室2厅,伯爵花园,斗蓬山路12号,3000,200,朝南
金麒麟建行楼上3房出租，可办公可自住,3室2厅,金麒麟,工人路38号,2000,111,朝东
173新天地两室一厅一卫出租1200,1室0厅,173新天地,210国道,1200,62,南北
水岸铭门  新装修 公寓500到700 可拎包入住,1室1厅,水岸铭门,西山大道,600,30,朝东
平惠小区 三室出租 步梯三楼 门口菜市 交通方便,3室2厅,平惠小区,平桥北路4号,1200,118,朝南
拎包办公 办公首 选 市中心 水上中心 金源大厦,4室2厅,金源大厦,剑江中路45号,2700,185,东北
伯爵花园单身公寓精装修家电家具齐全,1室1厅,伯爵花园,斗蓬山路12号,1300,50,南北
中医院旁边电信巷 3室2厅1卫 步梯5楼河景房,3室2厅,电信小区,河滨路,1300,65,朝南
位于老山可乐普罗旺斯 三室两厅两卫 采光好 交通便利,3室2厅,恒丰普罗旺斯,天乐路,1800,105,东南
平桥中房小区 2室1厅1卫 800元月 65平,2室1厅,中房小区,平桥北路27号,800,65,东南
七街小吃街旁三室房出租,3室1厅,华欣大厦,广惠路438号,900,90,东西
金鹏花园旁（黔中公寓）单身公寓精装,1室1厅,黔中公寓,协府路10号,1500,60,南北
租东山隧道口东山生态园2室2厅,2室2厅,东山学苑,广惠路66号,1300,80,南北
平惠小区 3室1厅1卫 1300元月 118平,3室1厅,平惠小区,平桥北路4号,1300,118,朝南
三小教师宿舍 4室2厅1卫 简单装修 靠近三小中医院,4室2厅,御庭苑,剑江中路98号,1200,70,朝南
开发区老山可乐三室二厅一厨一卫.家电家具齐全,3室2厅,恒丰普罗旺斯,天乐路,1100,150.2,南北
万达天源2013两房精装修出租,2室2厅,天源2013,斗篷山路227号,1700,98,东西
裤裆街 白领衫 三室二厅二卫 生活方便 离二小近,3室2厅,白领衫大厦,广惠路,1800,140,南北
七街 3室一厅一卫 招租,3室1厅,黔南州工商局宿舍,迎宾路,800,65,南北
西苑大厦一室一厨一卫公寓，有个拐角飘窗采光好（房主直租）,1室1厅,西苑大厦,斗篷山路28号,1150,46,西北
南州国际文华苑 3室2厅1卫 1800元月 南北通透,3室2厅,南州国际文华苑,大龙大道8号,1800,100,南北
文峰商贸城简装2房，干净整洁，希望找到爱卫生的人出租,3室1厅,文峰商贸城,剑江中路196号,1200,85,朝南
平惠小区 2室1厅1卫 700元月 90平 南北通透,2室1厅,平惠小区,平桥北路4号,700,90,南北
出租老山可乐菜场幼儿园房子拎包入住,3室2厅,恒丰普罗旺斯,天乐路,1300,100,东南
大十字旁酒店式公寓(免中介费),1室0厅,中鑫大厦,工人路6号,800,33,东南
可做办公室碧桂园滨江一号,5室2厅,碧桂园滨江一号,西山大道,1600,136,南北
水岸铭门 3室2厅1卫 1500元月 92平 电梯房,3室2厅,水岸铭门,西山大道,1500,92,南北
位于开发区龙山豪景 三室一厅两卫 交通便利 采光好,3室1厅,龙山豪景,斗篷山路96号,1700,121,东南
中鑫大厦单间出租 带独立卫生间 每月700,1室0厅,中鑫大厦,工人路6号,700,30,南北
急租沸城一百三室两厅两卫,3室2厅,利恒名苑(沸城100),剑江北路70号,1600,125,朝南
出租位于二小旁 步梯三楼 交通便利 周边超市菜场都方便,2室1厅,观天下,迎宾路,800,58,南北
平桥步梯6楼 视野好交通便利 大三房卧室带空调 带大阳台,3室2厅,平桥商品房,平桥南路,800,100,朝南
七街三室两厅一卫出租,3室2厅,明珠广场,剑江中路90号,1200,90,朝南
西苑金河谷江景房 中等装修带家具电器  拎包即可入住,3室2厅,西苑伊甸园,西苑广场旁,1500,130,朝南
银湖新城两室一厅出租1500电梯房,2室1厅,银湖星城,毛尖大道中段,1500,80,南北
开发区枣园站台旁(免中介费)单间住房出租,1室0厅,沁园村小区,剑江大道中段,260,10,南北
州医院旁公寓，一个卧室带个小厅，有独立卫生间（免中介费）,1室1厅,中大逸峰,文峰路1号,900,28,东西
伯爵花园酒店式公寓有个大飘窗，采光好，独立卫生间(房主直租),1室0厅,伯爵花园,斗蓬山路12号,850,25,朝东
文峰小区三仓库旁边，步梯高层，三室一厅，月租1000元。,3室1厅,文峰家园,剑江中路36号,1000,100,朝北
御庭苑三室两厅两卫房出租，家电家具齐全，拎包入住！,3室2厅,御庭苑,剑江中路98号,2000,121,朝东
小十字海文大厦（裤裆街）三室一厅一厨一卫，精装，家电家具齐全,3室1厅,海文大厦,新华路2号,1200,85,南北
伯爵旁金色成帮单身公寓出租1200,1室1厅,黎筑金色城邦,龙山大道44号,1200,39,南北
汇悦新天地精装单身小复式楼2500元（长租可谈）,1室1厅,汇悦新天地,斗篷山路100号,2500,51,朝东
小十字步行街三室两厅两卫出租1500,3室2厅,广惠大厦,广惠路,1500,119,南北
伯爵花园3房2厅2卫出租1800元,3室2厅,伯爵花园,斗蓬山路12号,1800,128,朝南
左岸阳光婚房出租从未入住2000元,3室2厅,左岸阳光,环城西路,2000,115,朝东
步梯房3楼  3室1厅1卫 900元月 76平,3室1厅,金海岸大厦,剑江中路67号,900,76,东西
老火车站（尚城财富中心）两套两层精装,2室3厅,尚城财富中心,剑江中路35号,3000,170,南北
大十字西山大桥  尚城壹品 单间带独立卫生间 每月八百,1室0厅,尚城壹品,剑江中路,800,25,朝南
州医院旁边公安局宿舍步梯4楼家的齐全拎包入住小区可停车,2室2厅,州林业大厦,文峰路1号,800,80,朝南
出租位于汽运公司宿舍 两室一厅一卫 拎包 入住,2室1厅,平桥商品房,平桥南路,900,50,南北
小十字中心（筑匀大厦）四室两卫，精装,4室1厅,筑匀大厦,广惠路407号,2400,140,南北
四一四医院 京都广场 汽车站旁2室 拎包入住 汽运公司宿舍,2室2厅,汽运公司宿舍,剑江北路61号,1100,70,朝南
伯爵花园旁 金色城邦3房 精装修 拎包入住   华馨湾附近,3室2厅,伯爵花园,斗蓬山路12号,1388,67,朝南
百子桥市医院尚城壹品公寓（免中介费）,1室0厅,尚城壹品,剑江中路,800,25,朝西
南洲国际马鞍山小区精装两房出租拎包入住1600一个月,2室2厅,马鞍山小区林馨佳苑,大龙大道,1600,110,南北
伯爵花园酒店式公寓(免中介费),1室0厅,伯爵花园,斗蓬山路12号,900,32,朝西
大十字旁尚城壹品1室1厨1卫公寓（免中介费）,1室1厅,尚城壹品,剑江中路,1050,35,东西
出租位于汽运公司宿舍 两室一厅一卫 拎包入住,2室1厅,京都广场,平桥北路,800,54,南北
小围寨华阳花园  寻长期租户 三室两厅 看房方便 装修干净！,3室2厅,华阳花园,阳春路2号,850,110,南北
出租位于市中心 御庭苑 三室两厅两卫 交通便利,3室2厅,御庭苑,剑江中路98号,2000,120,南北
租天源花园精装三房 家电家具齐全 伯爵花园旁临近万达随时看房,3室2厅,天源花园(都匀),都匀市龙山大道伯爵隔壁,1200,92,朝南
城南新家园单身公寓家具家电齐全可拎包入住电梯房出租,1室1厅,城南新家园,独山路,1200,50,南北
办公 ！西山桥头 两室两厅一卫  随时看房！,2室2厅,建业大厦,滨路56号,1200,100,南北
急租御庭院三室两厅两卫,3室2厅,御庭苑,剑江中路98号,1800,125,南北
老火车站（时代广场）三室两厅一卫，精装，家电家具齐全,3室2厅,时代广场,花园路,1800,118,南北
平惠小区，步梯低层，三室一厅，低价出租。,3室1厅,平惠小区,平桥北路4号,900,95,朝南
出租位于剑江小区 交通便利 采光好 拎包入住,3室2厅,剑江中路102号住宅楼,剑江中路102号,1500,132,南北
老山可乐菜场旁  简单装修有家具电器 拎包即可入住,3室1厅,恒丰普罗旺斯,天乐路,1000,66,朝南
中医院旁边  2室2厅1卫 800元月 72平 南北通透,2室2厅,电信小区,河滨路,800,72,南北
马鞍山A区大四房出租，办公 ，住家都可以！！可拎包入住！,4室2厅,马鞍山小区林馨佳苑,大龙大道,2500,140,南北
水上中心（都市龙庭）公寓，精装,1室0厅,都市龙庭,河滨路,800,30,南北
州医院旁中大逸峰公寓(免中介费),1室0厅,中大逸峰,文峰路1号,680,22,东西
位于老火车站时代广场 拎包入住 交通便利,2室2厅,时代广场,花园路,1600,87,西北
位于育英巷 2室1厅1卫 交通便利,2室1厅,培育大厦,培育巷1号,700,67,南北
尚城一品精装两房首 次出租全屋暖气1700一个月,2室2厅,尚城壹品,剑江中路,1700,80,南北
平桥汽车站对面，步梯低层，两室一厅一厨一卫，低价出租。,2室1厅,中房小区,平桥北路27号,800,80,朝北
石板街（七街新华西巷南）两室一厅，精装，家电家具齐全,2室1厅,广惠大厦,广惠路,1000,67,南北
六小旁卫校宿舍2室2厅1卫80平米简单装修2楼出租,2室2厅,南国丽景,环东北路15号,800,80,东南
尚城壹品 2室2厅1卫 1700元月 精装修 有暖气,2室2厅,尚城壹品,剑江中路,1700,80,南北
百子桥尚城壹品带厨房公寓(免中介费),1室0厅,尚城壹品,剑江中路,700,16,朝西
大十字 西山桥头 步梯五楼简装三室便宜租,3室2厅,建业大厦,滨路56号,800,131,南北
枣园小区公寓独门独户,1室1厅,沁园村小区,剑江大道中段,1200,58,东西
伯爵花园一室一厅一卫公寓(免中介费),1室1厅,伯爵花园,斗蓬山路12号,1280,47,东西
大十字办公楼，急租，适用于办公，教育。,4室2厅,筑匀大厦,广惠路407号,6000,280,朝北
出租尚城一品 带地暖 两室两厅一卫 拎包入住 采光好,2室2厅,尚城壹品,剑江中路,1700,80,西南
开发区枣园站台旁(免中介费)单间住房出租,1室0厅,沁园村小区,剑江大道中段,450,18,南北
大十字市中心急租价格便宜,2室2厅,新华路工商银行宿舍,新华路103号,800,70,朝南
开发区长江小区两室一厅一卫住房出租,2室1厅,长江花园,剑江大道中段,1000,70,南北
急租老山可乐普罗旺斯三室两厅,3室1厅,恒丰普罗旺斯,天乐路,1700,110,南北
伯爵花园单身公寓出租,1室0厅,伯爵花园,斗蓬山路12号,1200,30,朝南
水岸铭门，民宿公寓，带独立卫生间，精装修仅600起！可做饭,1室0厅,水岸铭门,西山大道,600,18,南北
急租伯爵旁边单身公寓,1室1厅,黎筑金色城邦,龙山大道44号,1200,50,南北
核心地段，成熟小区，精装修，交通便利！,3室2厅,黔南汽车商贸城,斗篷山路269号,1500,120,东南
出租红大院  3室2厅2卫 适合办公  带大院坝,3室2厅,红叶小区,绿茵湖大道中段,1500,110,朝西
伯爵花园单身公寓出租1300,1室1厅,伯爵花园,斗蓬山路12号,1300,38,南北
老火车站(免中介费）尚城壹品单身公寓住房出租,1室0厅,尚城壹品,剑江中路,600,18,南北
伯爵花园 1室1厅1卫 1000元月 精装修 电梯房,1室1厅,伯爵花园,斗蓬山路12号,1000,32,朝南
阳光酒店旁 步梯2楼 精装修拎包入住,3室2厅,锦隆园,飞燕路20号,1300,108,朝南
三小新校区旁边，三室，带一百平露天院坝，仅1500一个可办公,3室1厅,红叶小区,绿茵湖大道中段,1500,110,南北
马鞍山小区88平米精装两室1500元出租,2室1厅,南州国际文华苑,大龙大道8号,1500,88,朝南
万达天源2013单间出租 精装修带家具电器 拎包可入住,1室1厅,天源2013,斗篷山路227号,1200,28,朝南
利恒名苑 电梯三房 精装拎包入住仅租1400元月 手慢无,3室2厅,利恒名苑(沸城100),剑江北路70号,1400,100,南北
开发区转盘 消防队对面 锦隆园带装修大三房,3室2厅,锦隆园,飞燕路20号,1000,100,朝南
伯爵花园 1室1厅1卫 900元月 电梯房 35平,1室1厅,伯爵花园,斗蓬山路12号,800,35,朝北
食汇街河滨小区 三室两厅出租 可居住办公！,3室2厅,食汇街河滨小区,食汇街30号,1300,140,朝南
桃溪园！精装四室！整租！一年起租！2400月,4室2厅,桃溪园,龙山大道171号,2400,164,朝南
出租 大十字 三室两厅一卫 拎包入住 1000每月！,3室2厅,中鑫大厦,工人路6号,1000,100,南北
七街，水果摊楼上，1200月,2室1厅,新华路工商银行宿舍,新华路103号,1200,85,朝南
电梯精装三室出租,3室2厅,灵智广场,斗篷山路,1600,118,朝西
水岸铭门小区电梯房精装拎包入住,2室2厅,水岸铭门,西山大道,1800,80,朝南
镜湖花园 步梯低楼层  精装修   拎包入住  有钥匙,3室2厅,镜湖花园,七星路24号,1500,112,朝东
急租新装修未出租过镜湖花园,3室2厅,镜湖花园,七星路24号,1500,115,朝北
平桥同济医院楼上两室一厅一卫出租800,2室1厅,平桥商品房,平桥南路,800,62,南北
租灵智广场3室一厅精装,3室1厅,灵智广场,斗篷山路,1700,117,南北
天源2013精装修单间出租,1室0厅,天源2013,斗篷山路227号,1100,35,朝西
七街  市中心 明珠广场 2室2厅1卫 750元月,2室2厅,明珠广场,剑江中路90号,700,71.9,东南
市中心 3室2厅1卫 1000元月 90平 南北通透,3室2厅,都市金座,剑江中路71号,1000,90,朝南
伯爵花园  品质小区  直接拎包入住  随时看房,3室2厅,伯爵花园,斗蓬山路12号,1800,96,南北
（精装）步梯2楼入住3个月外加小花园,3室2厅,镜湖花园,七星路24号,1600,112,东北
南州国际马鞍山  精装房出租  停车方便  直接拎包入住,3室2厅,马鞍山小区林馨佳苑,大龙大道,1800,116,南北
大十字旁带厨房公寓(免中介费),1室1厅,中鑫大厦,工人路6号,880,30,东南
急租伯爵精装修三室两厅两卫,3室2厅,伯爵花园,斗蓬山路12号,2000,140,南北
万达广场旁酒店式公寓(免中介费),1室0厅,黔南汽车商贸城,斗篷山路269号,850,30,朝西
房子位于沙坝北部印象对面东龙花园,2室2厅,北部印象,红叶路8号,1000,107,南北
租小十字筑匀大厦2室一厅电梯房精装,2室1厅,筑匀大厦,广惠路407号,1500,78,南北
州医院旁三室两厅两厅出租,3室2厅,中大逸峰,文峰路1号,2000,120,朝南
大十字物资大厦三室两厅两卫出租,3室2厅,物资大厦,剑江北路38,1800,160,朝南
中医院后面水上中心附近离大十字进整套出租,2室2厅,电信小区,河滨路,800,80,朝南
急租西苑沙伦玫瑰三室两厅,3室2厅,西苑沙仑玫瑰,剑江中路,1000,125,南北
四一四旁边京都广场，河  景房，精装修，家电家具齐全,3室2厅,京都广场,平桥北路,1800,127,朝南
老城区适合商用住房出租,3室2厅,东山怡景,协府路28号,1700,120,朝东
急租银湖星城两室两厅,2室1厅,银湖星城,毛尖大道中段,1500,90,南北
三街菜场旁一室一厅房屋出租 价格便宜 随时看房,1室1厅,惠丽佳园,胜利路81号,650,50,朝东
金海岸旁边两室两厅一卫出租800步梯5楼,2室1厅,金海岸大厦,剑江中路67号,800,80,南北
伯爵花园 1室1厅1卫 1300元月 40平 南北通透,1室1厅,伯爵花园,斗蓬山路12号,1300,40,朝南
金海岸对面步梯  三室  生活便利  交通方便  拎包入住,3室2厅,金海岸大厦,剑江中路67号,1300,122,南北
南洲国际马鞍山  精装房 二室  随时看房 有钥匙,2室2厅,马鞍山小区林馨佳苑,大龙大道,1500,78,朝南
南华新村 3室2厅1卫 1000元月 98平,3室2厅,南华新村,斗篷山路63号,1000,98,朝南
小十字海文大厦（裤裆街）两室一厅一厨一卫，精装，家电家具齐全,2室1厅,海文大厦,新华路2号,900,65,南北
五街三室一厅一卫出租,3室1厅,八一小区,普安路53号,800,80,朝南
城市风景 双阳台 干干净净大3室  小区环境好 停车方便,3室2厅,嘉和城市风景,嘉和路2号,1800,130,朝南
大十字（中粮大厦）单身公寓，精装,5室1厅,中粮大厦,工人路3号,600,40,南北
市中心西山大桥电梯房 三室两厅两卫 1700月看中可面议,3室2厅,百业大厦,民族路6号,1700,130,南北
大十字转盘（云中大厦）公寓，精装,6室1厅,匀中大厦,剑江中路84号,600,40,南北
西苑纱伦玫瑰小区三室两厅两卫出租1000,3室2厅,西苑沙仑玫瑰,剑江中路,1000,110,南北
大桥头商住三室两厅两卫出租,3室2厅,协和星苑,剑江中路118号,1800,140,朝西
出租蒙家桥两室两厅一卫房屋,2室2厅,文峰商贸城,剑江中路196号,1000,90,南北
三小旁黔中公寓三室出租,3室1厅,黔中公寓,协府路10号,1800,100,朝南
碧桂园滨江一号首租1900元 4房两厅,4室2厅,碧桂园滨江一号,西山大道,1900,116,朝南
沸城国际旁锻压厂宿舍中装修两房两厅一卫拎包入住,2室2厅,榕锐沸城国际,环东北路104号,900,78,南北
沙坝四一四医院旁(免中介费)酒店式公寓住房出租,1室0厅,北部印象,红叶路8号,800,18,南北
173新天地四室精装修房屋出租 家电齐全 拎包入住 带车位,4室2厅,173新天地,210国道,2000,139,南北
州医院旁三室两厅一卫出租,3室2厅,中大逸峰,文峰路1号,1300,120,朝西
云宫花城三室房屋出租 家电齐全 拎包入住,3室1厅,云宫花城,云宫路,1300,107,朝南
水厂附近沸城100电梯房单身公寓出租,1室1厅,利恒名苑(沸城100),剑江北路70号,800,39,朝南
租州医院旁州人行宿舍3室2厅,3室2厅,金麒麟,工人路38号,1500,110,南北
租五街南国丽景电梯房,3室2厅,南国丽景,环东北路15号,1200,107,南北
三小附近电梯三室两厅两卫出租,3室2厅,锦绣家园,协府路13号,1600,140,朝南
租大龙康城小区电梯房2室1厅精装,2室2厅,康诚小区,剑江南路149号,1000,90,南北
南州国际清华苑可读四小三中3室出租2200元一个月,3室2厅,南州国际清华苑,青云湖大道,2200,116,朝东
平桥客车站（旁）三室一厅。部分家电家具有。步梯8楼，,3室1厅,汽运公司宿舍,剑江北路61号,700,95,南北
伯爵花园单身公寓，40平精装修，可拎包入住,1室1厅,伯爵花园,斗蓬山路12号,1300,40,朝西
州医院旁(无中介费)中大逸锋酒店式公寓住房出租,1室0厅,中大逸峰,文峰路1号,800,20,南北
石板街附近七街三室房屋出租 家电齐全 拎包入住 楼层合适,3室1厅,兴荣大厦,新华路26号,1000,100,朝南
小十字附近  裤裆街 两室 月租700！,2室1厅,中鑫大厦,工人路6号,800,85,南北
观天下  三室    适合办公  月租2000！,3室2厅,观天下,迎宾路,2000,120,东北
租东山学苑3室2厅2卫精装拎包入住,3室2厅,东山学苑,广惠路66号,1800,136,南北
租万达师苑附近银湖新城单间,1室0厅,银湖星城,毛尖大道中段,450,20,朝南
开发区纬三路康联小区 1室0厅1卫,1室0厅,开发区纬三路康联小区,纬三路,750,20,南北
天源大厦 1室0厅1卫,1室0厅,天源大厦,斗篷山路,500,20,朝北
英伦国际 1室1厅1卫,1室1厅,英伦国际,小康路,900,35,朝南
鼎源幸福里 3室2厅2卫,3室2厅,鼎源幸福里,七星路9号,1300,121,朝北
鼎源幸福里 3室2厅1卫,3室2厅,鼎源幸福里,七星路9号,1400,109,朝南
英伦国际 1室1厅1卫,1室1厅,英伦国际,小康路,750,40,朝南
水榭花都 3室2厅2卫,3室2厅,水榭花都,环东北路74号,2000,137,朝南
英伦国际 1室1厅1卫,1室1厅,英伦国际,小康路,850,30,朝南
英伦国际 1室1厅1卫,1室1厅,英伦国际,小康路,800,35,朝南
金鹏花园 3室2厅2卫,3室2厅,金鹏花园,广惠路270号,1600,121,朝北
水岸铭门 1室0厅2卫,1室0厅,水岸铭门,西山大道,400,18,朝南
水岸绿洲 1室0厅0卫 次卧 南,1室0厅,水岸绿洲,斗篷山路189号,350,12,朝南
英伦国际 1室0厅1卫 次卧 南,1室0厅,英伦国际,小康路,300,10,朝南
银河之都 2室2厅1卫,2室2厅,银河之都,民族路36号,1500,97,朝南
南州国际水岸 1室1厅1卫,1室1厅,南州国际水岸,西山大道北段,1300,45,朝南
南州国际水岸 2室1厅1卫,2室1厅,南州国际水岸,西山大道北段,1450,60,朝南
南州国际水岸 1室2厅1卫,1室2厅,南州国际水岸,西山大道北段,1500,60,朝南
丽景天城 1室0厅1卫 主卧 南,1室0厅,丽景天城,汽车商贸城对面,380,30,朝南
碧桂园滨江一号 4室1厅1卫 次卧 南,4室1厅,碧桂园滨江一号,西山大道,450,18,朝南
马鞍山小区林馨佳苑 4室2厅2卫,4室2厅,马鞍山小区林馨佳苑,大龙大道,1800,148,西北
伯爵花园 1室1厅1卫,1室1厅,伯爵花园,斗蓬山路12号,1700,45,朝南
丽景天城 2室1厅1卫,2室1厅,丽景天城,汽车商贸城对面,1200,85.3,南北
都匀1号 3室1厅1卫,3室1厅,都匀1号,斗篷山路277号,1400,104,南北
帝景豪园 4室3厅2卫,4室3厅,帝景豪园,贵和路2号,2000,136,朝南
州林业大厦 2室1厅1卫 次卧 南,2室1厅,州林业大厦,文峰路1号,500,60,朝南
伯爵花园 1室1厅1卫,1室1厅,伯爵花园,斗蓬山路12号,1700,45,朝南
文峰苑 2室2厅1卫,2室2厅,文峰苑,迎宾路25号,1000,78.8,朝南
京都广场 3室1厅1卫,3室1厅,京都广场,平桥北路,1300,90,朝南
水岸绿洲 1室0厅1卫,1室0厅,水岸绿洲,斗篷山路189号,500,18,朝南
马鞍山小区林馨佳苑 3室2厅2卫,3室2厅,马鞍山小区林馨佳苑,大龙大道,1800,120,朝南
明珠广场 3室1厅1卫,3室1厅,明珠广场,剑江中路90号,1500,99,朝南
南州国际文华苑 1室0厅1卫,1室0厅,南州国际文华苑,大龙大道8号,500,18,朝南
福鑫园 2室2厅1卫 主卧 北,2室2厅,福鑫园,天池路,600,96,朝北
东坡花园 2室1厅1卫,2室1厅,东坡花园,环东中路113号,1580,79,朝东
云宫花城 3室2厅2卫,3室2厅,云宫花城,云宫路,1600,120,朝南
